UNIT_BUILD_TIME_IW;$VAL$ days.;$VAL$ jours.;$VAL$ Tage.;;$VAL$ días.;;;;;;;;;x;
SUPPLY_OWNER;Owner:;Possesseur :;Besitzer:;W³aœciciel:;Infantería de testuz y cuernos;Possessore:;Tulajdonos:;Vlastník:;;;;;;x;
SUPPLY_ALLIED;Allied:;Allié :;Verbündet:;Sojusze:;Cuanta más población haya, mayores serán la producción y los ingresos por impuestos.;Alleato:;Szövetségben:;Spojenecký:;;;;;;x;
SUPPLY_ACCESS;Military Access:;Accès militaire :;Militärzugang:;Przemarsz wojsk:;La población crecerá automáticamente como efecto de una gran estabilidad, paz y tranquilidad. Disminuirá como efecto de un saqueo, ocupación o una escasa estabilidad.\n;Accesso militare:;Katonai hozzáférés:;Vojenský pøístup:;;;;;;x;
SUPPLY_CONTROLLER;Controlled:;Contrôlé par :;Kontrolliert:;Kontrolowane przez:;Peso máximo de unidades que la provincia puede abastecer sin acusar desgaste. El desgaste real también depende de varios factores más. Una cifra en rojo indica que las unidades estarán desabastecidas (lo que aumenta el desgaste). Los números en amarillo indican provincias adyacentes a fuentes de suministros.;Controllato:;Irányító:;Ovládáno:;;;;;;x;
SUPPLY_CONTROLLER_ALLIANCE;Controlled by an ally:;Contrôlé par un allié :;Von einem Verbündeten kontrolliert:;Kontrolowane przez sojusznika:;Base;Controllato da alleato:;Szövetséges által irányított:;Ovládáno spojencem:;;;;;;x;
SUPPLY_SIEGE;Is besieging:;Assiégeant :;Belagert:;Oblega:;Propietario:;Sta assediando:;Ostrom alatt:;Obléhá:;;;;;;x;
SUPPLY_CORE;Core:;Territoire clé :;Kernprovinz:;;Núcleo:;;;;;;;;;x;
RP_ACCUMULATED;We have accumulated §Y$VAL$§W research points that are currently unused.;Nous disposons de §Y$VAL$§W points de recherche actuellement inutilisés.;Wir haben §Y$VAL$§W Forschungspunkte angesammelt, die derzeit nicht verwendet werden.;;En estos momentos tenemos §Y$VAL$§W puntos de investigación acumulados sin utilizar.;;;;;;;;;x;
WEGAINCB_SETUP;When we gain a Casus Belli;Si nous obtenons un casus belli;Wenn wir einen Kriegsgrund erhalten;;Cuando se produce un 'casus belli';;;;;;;;;x;
WEGAINCB_HEADER;$MONARCHTITLE$;$MONARCHTITLE$;$MONARCHTITLE$;$MONARCHTITLE$;$MONARCHTITLE$;$MONARCHTITLE$;$MONARCHTITLE$;$MONARCHTITLE$;;;;;;x;
WEGAINCB_1;Casus Belli;Casus belli;Kriegsgrund;;Casus belli;;;;;;;;;x;
WEGAINCB_2;We have gained the;Nous avons obtenu un;Wir erhielten den;;Tenemos un;;;;;;;;;x;
WEGAINCB_3;$CASUS$' Casus Belli;Casus belli "$CASUS$";Kriegsgrund '$CASUS$';;Casus belli '$CASUS$';;;;;;;;;x;
WEGAINCB_4;against;contre;gegen;;contra;;;;;;;;;x;
WEGAINCB_5;$ENEMY$;$ENEMY$;$ENEMY$;;$ENEMY$;;;;;;;;;x;
WEGAINCB_6;$DESC$;$DESC$;$DESC$;$DESC$;$DESC$;$DESC$;$DESC$;$DESC$;$DESC$;$DESC$;$DESC$;$DESC$;$DESC$;x;
WEGAINCB_LOG;We gained the '$CASUS$' Casus Belli against $ENEMY$.;Nous avons obtenu un casus belli "$CASUS$" contre $ENEMY$.;Wir erhielten den Kriegsgrund '$CASUS$' gegen $ENEMY$.;;Tenemos un Casus belli '$CASUS$' contra $ENEMY$.;;;;;;;;;x;
WEGAINCB_BTN1;OK;D'accord;OK;OK;OK;OK;OK;Rendben;OK;;;;;;x
WEGAINCB_BTN2;OK;D'accord;OK;OK;OK;OK;OK;Rendben;OK;;;;;;x
WEGAINCB_BTN3;Goto;Voir;Goto;IdŸ do;Ir allí;Andare;Ugrás;Pøejít na;;;;;;x;
WEGAINCB_MAP;*;*;*;*;*;*;*;;;;;;;x;
NORMAL_WAR_FREE_NAME;$ORDER$$FIRST$ War of $COUNTRY_ADJ$ Freedom;$ORDER$$FIRST$ guerre de libération $COUNTRY_ADJ$;$ORDER$$FIRST$-$COUNTRY_ADJ$er Freiheitskrieg;;$ORDER$ Guerra $FIRST$ de liberación $COUNTRY_ADJ$;;;;;;;;;x;
AGRESSION_WAR_FREE_NAME;$ORDER$$FIRST$ War of Propping up $COUNTRY$;$ORDER$$FIRST$ guerre de soutien à $COUNTRY$;$ORDER$$FIRST$er Krieg zur Absicherung von $COUNTRY$;;$ORDER$ Guerra $FIRST$ de apoyo a $COUNTRY$;;;;;;;;;x;
NORMAL_WAR_COLONIAL_NAME;$ORDER$$FIRST$ Colonial Conquest of $STATE$;$ORDER$$FIRST$ conquête coloniale de $STATE$;$ORDER$$FIRST$e Kolonialeroberung von $STATE$;;$ORDER$ Conquista colonial $FIRST$ de $STATE$;;;;;;;;;x;
AGRESSION_WAR_COLONIAL_NAME;$ORDER$$FIRST$ Colonial War for $STATE$;$ORDER$$FIRST$ guerre coloniale pour $STATE$;$ORDER$$FIRST$er Kolonialkrieg um $STATE$;;$ORDER$ Guerra colonial $FIRST$ por $STATE$;;;;;;;;;x;
NORMAL_WAR_TAKE_NAME;$ORDER$$FIRST$ Conquest of $STATE$;$ORDER$$FIRST$ conquête de $STATE$;$ORDER$$FIRST$e Eroberung von $STATE$;;$ORDER$ Conquista $FIRST$ de $STATE$;;;;;;;;;x;
AGRESSION_WAR_TAKE_NAME;$ORDER$$FIRST$ War of $STATE$;$ORDER$$FIRST$ guerre pour $STATE$;$ORDER$$FIRST$er Krieg um $STATE$;;$ORDER$ Guerra $FIRST$ de $STATE$;;;;;;;;;x;
NORMAL_WAR_TAKE_CORE_NAME;$ORDER$$FIRST$ Liberation of $STATE$;$ORDER$$FIRST$ libération de $STATE$;$ORDER$$FIRST$e Befreiung von $STATE$;;$ORDER$ Liberación $FIRST$ de $STATE$;;;;;;;;;x;
AGRESSION_WAR_TAKE_CORE_NAME;$ORDER$$FIRST$ Aggression for $STATE$;$ORDER$$FIRST$ aggression pour $STATE$;$ORDER$$FIRST$e Aggression gegen $STATE$;;$ORDER$ Agresión $FIRST$ por $STATE$;;;;;;;;;x;
NORMAL_WAR_TAKE_SPHERE_NAME;$ORDER$$COUNTRY$ War;$ORDER$ guerre de $COUNTRY$;$ORDER$$COUNTRY$-Feldzug;;$ORDER$ Guerra de $COUNTRY$;;;;;;;;;x;
AGRESSION_WAR_TAKE_SPHERE_NAME;$ORDER$$FIRST$-$SECOND$ War over $COUNTRY$;$ORDER$ guerre $FIRST$-$SECOND$ pour $COUNTRY$;$ORDER$$FIRST$-$SECOND$er Krieg um $COUNTRY$;;$ORDER$ Guerra $FIRST$-$SECOND$ sobre $COUNTRY$;;;;;;;;;x;
NORMAL_WAR_ADD_SPHERE_NAME;$ORDER$War of $SECOND$ Submission;$ORDER$ guerre de soumission $SECOND$;$ORDER$Krieg zur $SECOND$en Unterwerfung;;$ORDER$ Guerra de sumisión $SECOND$;;;;;;;;;x;
AGRESSION_WAR_ADD_SPHERE_NAME;$ORDER$War of $SECOND$ Subjugation;$ORDER$ guerre de subjugation $SECOND$;$ORDER$Krieg zur $SECOND$en Unterjochung;;$ORDER$ Guerra de subyugación $SECOND$;;;;;;;;;x;
NORMAL_CIVIL_WAR_NAME;$ORDER$$FIRST$ Civil War;$ORDER$ guerre civile $FIRST$;$ORDER$$FIRST$er Bürgerkrieg;;$ORDER$ Guerra Civil $FIRST$;;;;;;;;;x;
AGRESSION_CIVIL_WAR_NAME;$ORDER$$FIRST$ Civil War;$ORDER$ guerre civile $FIRST$;$ORDER$$FIRST$er Bürgerkrieg;;$ORDER$ Guerra Civil $FIRST$;;;;;;;;;x;
NORMAL_WAR_CONQUEST_NAME;$ORDER$Conquest of $SECOND$ War;$ORDER$$FIRST$ conquête de la $SECOND_COUNTRY$ guerre;$ORDER$Eroberung von $SECOND$em Land;;$ORDER$ Guerra de Conquista $SECOND$;;;;;;;;;x;
AGRESSION_WAR_CONQUEST_NAME;$ORDER$War of $FIRST$ Aggression against $SECOND_COUNTRY$;$ORDER$ guerre d'aggression $FIRST$ sur $SECOND_COUNTRY$;$ORDER$$FIRST$er Aggressionskrieg gegen $SECOND$e Gebiete;;$ORDER$ Guerra de Agresión $FIRST$ contra $SECOND_COUNTRY$;;;;;;;;;x;
ADJ_FORT_EXTRA_ATTR;And §R+$VAL$%§W from hostile adjacent forts.;Et §R+$VAL$%§W des forts adjacents ennemis.;Und §R+$VAL$%§W von feindlichen Forts in der Nähe.;;Y §R+$VAL$%§W de fuertes hostiles adyacentes.;;;;;;;;;x;
IS_NOT_ACCEPTED_CULTURE_POP;does not belong to an accepted culture.\n;n'appartient pas à une culture acceptée.\n;gehört nicht zu einer akzeptierten Kultur.\n;;no pertenece a una cultura aceptada.\n;;;;;;;;;x;
IS_ACCEPTED_CULTURE_POP;belong to an accepted culture.\n;appartient à une culture acceptée.\n;gehört zu einer akzeptierten Kultur.\n;;pertenece a una cultura aceptada.\n;;;;;;;;;x;
IS_NOT_PRIMARY_CULTURE_POP;Is not §Y$NAME$§W\n;N'est pas §Y$NAME$§W\n;Ist nicht §Y$NAME$§W\n;;No es §Y$NAME$§W\n;;;;;;;;;x;
IS_PRIMARY_CULTURE_POP;Is §Y$NAME$§W\n;Est §Y$NAME$§W\n;Ist §Y$NAME$§W\n;;Es §Y$NAME$§W\n;;;;;;;;;x;
NEW_CORE_EFFECT_TAG2;$TAG$ will gain §Y$NEW$§W as core.\n;$TAG$ Obtiendra §Y$NEW$§W comme territoire clé.\n;$TAG$ erhält §Y$NEW$§W als Kernprovinz.\n;;$TAG$ obtendrá §Y$NEW$§W como núcleo.\n;;;;;;;;;x;
digin;Dig-In;Retranchement;Eingraben;;Atrincherar;;;;;;;;;x;
terrain;Terrain;Terrain;Gelände;;Terreno;;;;;;;;;x;
crossing;Crossing;Passage;Brücke;;Paso;;;;;;;;;x;
total_occupation;Occupied Home Provinces;Provinces nationales occupées;Besetzte Heimatprovinzen;;Provincias nacionales ocupadas;;;;;;;;;x;
total_blockaded;Blockaded Home Ports;Ports nationaux sous blocus;Blockierte Heimathäfen;;Puertos nacionales bloqueados;;;;;;;;;x;
PW_SLAVE_STATE;Slave State;État esclavagiste;Sklavenstaat;;Estado esclavista;;;;;;;;;x;
CURR_REL_TT;Our current relations.;Nos relations actuelles.;Unsere aktuellen Beziehungen.;;Nuestras relaciones actuales.;;;;;;;;;x;
great_power;Great Power;Grande Puissance;Großmacht;;Gran potencia;;;;;;;;;x;
second_power;Secondary Power;Puissance secondaire;Sekundärmacht;;Potencia menor;;;;;;;;;x;
civ_nation;Civilized Nation;Nation civilisée;Zivilisierte Nation;;Nación civilizada;;;;;;;;;x;
unciv_nation;Uncivilized Nation;Nation non civilisée;Unzivilisierte Nation;;Nación sin civilizar;;;;;;;;;x;
REB_TYPE_SIZE;§YRebel Support§W;§YSoutien rebelle§W;§YRebellenunterstützung§W;;§YApoyo rebelde§W;;;;;;;;;x;
REB_TYPE_POWER;§YRebel Power§W;§YPuissance rebelle§W;§YRebellenmacht§W;;§YPotencia rebelde§W;;;;;;;;;x;
PRODUCTION_MUST_PORT_ONLY;Only produced in ports.\n;Production dans les ports uniquement.\n;Wird nur in Häfen produziert.\n;;Solo se puede producir en puertos.\n;;;;;;;;;x;
POPULATION_CHANGED_BY;Population changed by;Évolution démographique :;Bevölkerung geändert um;;La población ha cambiado en;;;;;;;;;x;
COMBAT_LEADER_MOD;Leader;Chef;Anführer;;Líder;;;;;;;;;x;
POLITICS_CANNOT_SET_RULING_PARTY_IN_ELECTION;It is not possible to switch ruling parties in the middle of an election.;Il est impossible de changer de parti dirigeant en cours d'élection.;Während einer Wahl ist es unmöglich, die Regierungspartei zu wechseln.;;No se puede cambiar el partido gobernante durante unas elecciones.;;;;;;;;;x;
IS_NOT_OVERSEAS;Is NOT overseas;n'est PAS outremer;ist KEINE Übersee-Provinz.;;NO está en el extranjero;;;;;;;;;x;
IS_OVERSEAS;Is overseas;est outremer;ist Übersee-Provinz.;;está en el extranjero;;;;;;;;;x;
SHIP_SUB_NAME;$NUM$$ORDER$ $HOME$ $TYPE$;$NUM$$ORDER$ $HOME$ $TYPE$;$NUM$$ORDER$ $HOME$s $TYPE$;;$NUM$$ORDER$ $HOME$ $TYPE$;;;;;;;;;x;
FOLLOWING_HAVE_CLAIMS;The following countries have claims here.;Les pays suivants revendiquent cet endroit :;Die folgenden Länder haben hier Ansprüche:;;Aquí tienen pretensiones los siguientes países:;;;;;;;;;x;
COUNTRY_IS_NOT_CULTURE;Primary Culture is NOT;La culture principale n'est PAS;Primärkultur ist NICHT;;La cultura principal NO es;;;;;;;;;x;
COUNTRY_IS_CULTURE;Primary Culture is;La culture principale est;Primärkultur ist;;La cultura principal es;;;;;;;;;x;
NO_ASSIM_NOW;No Current Assimilation;Pas d'assimilation pour le moment;Momentan keine Assimilierung;;Sin asimilar;;;;;;;;;x;
MODIFIER_LOCAL_REPAIR;Ship Repair Speed;Vitesse de réparation des navires;Schiffsreparaturgeschwindigkeit;;Velocidad de reparación de nave;;;;;;;;;x;
BADBOY_DRO_1;Monthly Infamy Change:\n;Infamie - Évolution mensuelle :\n;Monatliche Infamie-Veränderung:\n;;Cambio de infamia mensual:\n;;;;;;;;;x;
REGIMENT_SIZE;Current Size: §Y$SIZE$§W\n;Taille actuelle : §Y$SIZE$§W\n;Aktuelle Größe: §Y$SIZE$§W\n;;Tamaño actual: §Y$SIZE$§W\n;;;;;;;;;x;
CURRENT_MORALE;Organisation: §Y$SIZE$§W of $MAX$.\n;Organisation : §Y$SIZE$§W sur $MAX$.\n;Organisation: §Y$SIZE$§W von $MAX$.\n;;Organización: §Y$SIZE$§W of $MAX$.\n;;;;;;;;;x;
SUPPLY_COST;Supply Costs;Frais d'approvisionnement;Versorgungskosten;;Costes de abastecimiento;;;;;;;;;x;
ALL_CORE_PROVINCE_THAT;For all core provinces ;Pour tous les territoires clés ;Für alle Kernprovinzen;;Para todas las provincias núcleo ;;;;;;;;;x;
BREAKCOUNTRY_SETUP;When a rebel faction enforces its demands in our nation;Si une faction rebelle impose ses revendications à notre nation;Wenn eine Rebellenfraktion ihre Forderungen in unserer Nation erzwingt.;;Cuando una facción rebelde impone sus demandas en nuestra nación;;;;;;;;;x;
BREAKCOUNTRY_HEADER;Report from $CAPITAL$;Rapport en provenance de $CAPITAL$;Bericht aus $CAPITAL$:;;Informe desde $CAPITAL$;;;;;;;;;x;
BREAKCOUNTRY_1;$FACTION$ Win!;$FACTION$ l'emportent !;$FACTION$ haben gesiegt!;;¡Victoria de los $FACTION$!;;;;;;;;;x;
BREAKCOUNTRY_2;$MONARCHTITLE$, the $FACTION$ have enforced their demands!;$MONARCHTITLE$, $FACTION$ ont imposé leurs revendications !;$FACTION$ haben gesiegt!;;¡$MONARCHTITLE$, los $FACTION$ han impuesto sus demandas!;;;;;;;;;x;
BREAKCOUNTRY_3;*;*;*;*;*;*;*;;;;;;;x;
BREAKCOUNTRY_4;$EFFECTS$;$EFFECTS$;$EFFECTS$;;$EFFECTS$;;;;;;;;;x;
BREAKCOUNTRY_5;*;*;*;*;*;*;*;;;;;;;x;
BREAKCOUNTRY_6;*;*;*;*;*;*;*;;;;;;;x;
BREAKCOUNTRY_LOG;$FACTION$ enforce their demands!;$FACTION$ imposent leurs revendications !;$FACTION$ haben gesiegt!;;¡Los $FACTION$ imponen sus demandas!;;;;;;;;;x;
BREAKCOUNTRY_BTN1;Horror!;Horreur !;Oh Graus!;To straszne!;¡Qué horror!;Orrore!;Rettegés!;Hrùza!;;;;;;x;
BREAKCOUNTRY_BTN2;Horror!;Horreur !;Oh Graus!;To straszne!;¡Qué horror!;Orrore!;Rettegés!;Hrùza!;;;;;;x;
BREAKCOUNTRY_BTN3;Goto;Voir;Goto;IdŸ do;Ir allí;Andare;Menj ide;Pøejít na;;;;;;x;
BREAKCOUNTRY_MAP;*;*;*;*;*;*;*;;;;;;;x;
BREAKCOUNTRYOTHER_SETUP;When a rebel faction enforces its demands in another nation;Si une faction rebelle impose ses revendications à une autre nation;Wenn eine Rebellenfraktion ihre Forderungen in einer anderen Nation erzwingt.;;Cuando una facción rebelde impone sus demandas en otra nación;;;;;;;;;x;
BREAKCOUNTRYOTHER_HEADER;Ambassador from;Ambassadeur de;Botschafter aus;;Embajador de;;;;;;;;;x;
BREAKCOUNTRYOTHER_1;$OTHER$;$OTHER$;$OTHER$;$OTHER$;$OTHER$;$OTHER$;$OTHER$;$OTHER$;;;;;;x;
BREAKCOUNTRYOTHER_2;$FACTION$ have enforced their demands in;$FACTION$ ont imposé leurs revendications en;$FACTION$ haben den Sieg errungen!;;Los $FACTION$ han impuesto sus demandas en;;;;;;;;;x;
BREAKCOUNTRYOTHER_3;$OTHER$;$OTHER$;$OTHER$ ist kollabiert.;;$OTHER$;;;;;;;;;x;
BREAKCOUNTRYOTHER_4;$EFFECTS$;$EFFECTS$;$EFFECTS$;;$EFFECTS$;;;;;;;;;x;
BREAKCOUNTRYOTHER_5;*;*;*;*;*;*;*;;;;;;;x;
BREAKCOUNTRYOTHER_6;*;*;*;*;*;*;*;;;;;;;x;
BREAKCOUNTRYOTHER_LOG;$FACTION$ enforce their demands in $OTHER$!;$FACTION$ imposent ses revendications en $OTHER$ !;$FACTION$ siegten in $OTHER$!!;;¡Los $FACTION$ imponen sus demandas en $OTHER$!;;;;;;;;;x;
BREAKCOUNTRYOTHER_BTN1;OK;D'accord;OK;OK;OK;Aceptar;OK;Rendben;OK;;;;;;x
BREAKCOUNTRYOTHER_BTN2;OK;D'accord;OK;OK;OK;Aceptar;OK;Rendben;OK;;;;;;x
BREAKCOUNTRYOTHER_BTN3;Goto;Voir;Goto;IdŸ do;Ir allí;Andare;Ugrás;Pøejít na;;;;;;x;
BREAKCOUNTRYOTHER_MAP;*;*;*;*;*;*;*;;;;;;;x;
INVENTION_SETUP;When you have gained an invention.;Si vous obtenez une invention;Wenn Sie eine Erfindung erhalten haben.;;Cuando consigas hacer un invento;Quando acquisisci un'invenzione;;;;;;x;;;
INVENTION_HEADER;Reports on;Rapports sur;Bericht über eine;;Informe sobre;;;;;;;;;x;
INVENTION_1;Major Discovery;Découverte majeure;Große Entdeckung;;Descubrimiento importante;Grande scoperta;;;;;;x;;;
INVENTION_2;Scientists in our country have discovered;Les scientifiques de notre pays ont découvert;Wissenschaftlicher unseres Landes entdeckten;;Los científicos de nuestro país han descubierto;;;;;;;;;x;
INVENTION_3;$INVENTION$;$INVENTION$;$INVENTION$;;$INVENTION$;$INVENTION$;;;;;;x;;;
INVENTION_4;$DESC$;$DESC$;$DESC$;;$DESC$;$DESC$;;;;;;x;;;
INVENTION_5;EFFECT:;EFFETS :;Das hat folgende Effekte:;;EFECTO:;EFFETTO:;;;;;;x;;;
INVENTION_6;$EFFECT$;$EFFECT$;$EFFECT$;;$EFFECT$;$EFFECT$;;;;;;x;;;
INVENTION_LOG;We have discovered how $INVENTION$ works.;Nous avons découvert : $INVENTION$.;Wir haben herausgefunden, was $INVENTION$ ermöglicht.;;Hemos descubierto cómo funciona el invento siguiente: $INVENTION$.;Abbiamo scoperto il funzionamento di: $INVENTION$.;;;;;;x;;;
INVENTION_BTN1;OK;D'accord;OK;OK;;Aceptar;OK;;;;;;x;;
INVENTION_BTN2;OK;D'accord;OK;OK;;Aceptar;OK;;;;;;x;;
INVENTION_BTN3;Details;Détails;Details;;Detalles;Dettagli;;;;;;x;;;
INVENTION_MAP;*;*;*;;*;*;;;;;;x;;;
revanchism;Revanchism;Revanchisme;Revanchismus;;Revanchismo;;;;;;;;;x;
plurality;Plurality;Pluralité;Pluralität;;Pluralidad;;;;;;;;;x;
TOPBAR_LEADERSHIP_GAIN_TOOLTIP;We gain §Y$CURR$§W leadership from our officers each month.;Nos officiers nous permettent de gagner §Y$CURR$§W points de commandement par mois.;Wir erhalten von unseren Offizieren monatlich §Y$CURR$§W Anführerschaft.;;Obtenemos §Y$CURR$§W de liderazgo de nuestros oficiales cada mes.;;;;;;;;;x;
UW_AASIGN;Autoassign Leaders;Attribution automatique des officiers;Anführer autom. zuteilen;;Asignación automática de líderes;;;;;;;;;x;
ATTR_SAFE_RANGE;A Fleet in range of supply ships, and near a coast will not take any attrition.;Une flotte à portée de navires ravitailleurs et à proximité d'une côte, ne subit aucune attrition.;Eine Flotte innerhalb der Reichweite von Versorgungsschiffen und nahe einer Küste erleidet keine Verluste.;;Una flota dentro del alcance de los barcos de suministro y cerca de una costa no sufrirá desgaste alguno.;;;;;;;;;x;
TECHNOLOGYVIEW_HAVE_NOT_YEAR;It is not possible to start researching this before §Y$YEAR$§W.;Il est impossible d'entamer ces travaux avant §Y$YEAR$§W.;Die Erforschung hiervon ist nicht vor dem Jahr §Y$YEAR$§W möglich.;;Esto no se puede empezar a investigar antes de §Y$YEAR$§W.;;;;;;;;;x;
ENCOURAGEMENT_FOR;Encouragement for ;Encouragement pour ;Ermutigung zu ;;Fomento de ;;;;;;;;;x;
IS_NOT_PRIMARY_CULTURE;§Y$NAME$§W is NOT primary culture.\n;§Y$NAME$§W n'est PAS une culture principale.\n;§Y$NAME$§W ist NICHT Primärkultur.\n;;La §Y$NAME$§W NO es una cultura principal.\n;;;;;;;;;x;
IS_PRIMARY_CULTURE;§Y$NAME$§W is primary culture.\n;§Y$NAME$§W est une culture principale.\n;§Y$NAME$§W ist Primärkultur.\n;;La §Y$NAME$§W es una cultura principal.\n;;;;;;;;;x;
IS_NOT_ACCEPTED_CULTURE2;§Y$NAME$§W is NOT an accepted culture.\n;§Y$NAME$§W n'est PAS une culture acceptée.\n;§Y$NAME$§W ist KEINE akzeptierte Kultur.\n;;La §Y$NAME$§W NO es una cultura aceptada.\n;;;;;;;;;x;
IS_ACCEPTED_CULTURE2;§Y$NAME$§W is an accepted culture.\n;§Y$NAME$§W est une culture acceptée.\n;§Y$NAME$§W ist eine akzeptierte Kultur.\n;;La §Y$NAME$§W es una cultura aceptada.\n;;;;;;;;;x;
ALL_COUNTRIES_EFF;All countries;Tous les pays;Alle Länder;;Todos los países;;;;;;;;;x;
ALL_COUNTRIES_THAT_EFF;All countries that;Tout pays qui;Alle Länder, die;;Todos los países que;;;;;;;;;x;
GETTING_ONLY_NEEDS;Getting only $NEED$: §Y$VAL$%§W;Recevant à peine '$NEED$' : §Y$VAL$%§W;Decken lediglich $NEED$: §Y$VAL$%§W;;Solo consigue $NEED$: §Y$VAL$%§W;;;;;;;;;x;
ISSUE_MOVE_EFFECT;§Y$PERCENTAGE$%§W of pops move from §YFROM§W to §YTO§W;§Y$PERCENTAGE$%§W des POP émigrent de §YFROM§W vers §YTO§W;§Y$PERCENTAGE$%§W der Bevs ziehen von §YFROM§W nach §YTO§W um.;;Un §Y$PERCENTAGE$%§W de las POB se desplaza de §YFROM§W a §YTO§W;;;;;;;;;x;
ADD_WARGOAL_EFFECT;When we add this war goal, we will gain:;Si objectif de guerre ajouté, nous aurons :;Wenn wir dieses Kriegsziel hinzufügen, erhalten wir:;;Al añadir este objetivo bélico, obtendremos:;;;;;;;;;x;
ADD_WARGOAL_SUCCESS;If we achive this war goal, we will gain:;Si objectif de guerre atteint, nous aurons :;Wenn wir dieses Kriegsziel erreichen, erhalten wir:;;Si logramos este objetivo bélico, obtendremos:;;;;;;;;;x;
ADD_WARGOAL_FAILURE;If we fail to achive this war goal, we will gain:;Si objectif de guerre manqué, nous aurons :;Wenn wir dieses Kriegsziel nicht erreichen, erhalten wir:;;Si fracasamos en este objetivo bélico:;;;;;;;;;x;
WARDIALOG_TRUCE;Truce: ;Trêve : ;Waffenruhe:;;Tregua: ;;;;;;;;;x;
WARDIALOG_NOCB;No casus belli: ;Pas de casus belli : ;Kein Kriegsgrund:;;Sin ‘casus belli’: ;;;;;;;;;x;
DIPLOMACY_INFAMY2;Infamy: $VALUE$;Infamie : $VALUE$;Infamie: $VALUE$;;Infamia: $VALUE$;;;;;;;;;x;
DIPLOMACY_PRESTIGE2;Prestige: $VALUE$;Prestige : $VALUE$;Prestige: $VALUE$;;Prestigio: $VALUE$;;;;;;;;;x;
DIPLOMACY_MILITANCY2;Militancy: $VALUE$;Militantisme : $VALUE$;Militanz: $VALUE$;;Militancia: $VALUE$;;;;;;;;;x;
REMOVE_DIPLOMACY_WARDIALOG_ALLIES;§Y$COUNTRY$§W has the following allies:;§Y$COUNTRY$§W a les alliés suivants :;§Y$COUNTRY$§W hat folgende Verbündete:;;§Y$COUNTRY$§W cuenta con los siguientes aliados:;;;;;;;;;x;
REMOVE_DIPLOMACY_WARDIALOG_NUM_ALLIES;§Y$COUNTRY$§W has §Y$NUM$§W allies;§Y$COUNTRY$§W a §Y$NUM$§W alliés;§Y$COUNTRY$§W hat §Y$NUM$§W Verbündete.;;§Y$COUNTRY$§W tiene §Y$NUM$§W aliados;;;;;;;;;x;
DIPLOMACY_WAR_HASTRUCE;§RWe have a truce with §Y$COUNTRY$§R until §Y$DATE$§R. Declaring war on them cause a significant hit to our international prestige;§RNous observons une trêve avec §Y$COUNTRY$§R jusqu'à la date suivante : §Y$DATE$§W. Si nous déclarons la guerre à ce pays, notre prestige international en pâtira.;§RWir haben Waffenruhe mit §Y$COUNTRY$§R bis §Y$DATE$§R. Würden wir ihnen den Krieg erklären, wäre dies ein schwerer Schlag für unser internationales Prestige.;;§RTenemos una tregua con §Y$COUNTRY$§R hasta el §Y$DATE$§R. Declararle la guerra tendrá un efecto considerable sobre nuestro prestigio internacional.;;;;;;;;;x;
REMOVE_DIPLOMACY_DAILYINFLULENCE_GAIN;We gain §Y$NUM$§W influence in §Y$COUNTRY$§W each day;Nous gagnons quotidiennement §Y$NUM$§W points d'influence en §Y$COUNTRY$§W.;Wir erhalten in §Y$COUNTRY$§W täglich §Y$NUM$§W Einfluss.;;Obtenemos una influencia de §Y$NUM$§W en §Y$COUNTRY$§W cada día;;;;;;;;;x;
NO_RELEASEABLE_NATIONS;We have no nations that we can grant sovereignty;Nous n'avons aucune nation à laquelle accorder la souveraineté.;Wir haben keine Nationen, denen wir Souveränität gewähren könnten.;;No tenemos naciones a las que podamos conceder la soberanía;;;;;;;;;x;
DIPLOMACY_CALL_ALLIES_NOT_LEADER;We are not a leader of this war and cannot call our allies into it;§RN'étant pas meneur de cette guerre, nous ne pouvons pas faire appel à nos alliés.§W;Wir sind nicht Anführer dieses Kriegs und können daher unsere Verbündeten nicht zur Intervention auffordern.;;No somos líderes en esta guerra y no podemos involucrar a nuestros aliados en ella;;;;;;;;;x;
LEDGER_NEXT;Next;Suivant;Weiter;;Siguiente;;;;;;;;;x;
LEDGER_PREV;Previous;Précédent;Zurück;;Anterior;;;;;;;;;x;
COUNTRYALERT_CanIncreaseOpinion;We can §YIncrease Opinion§W of our nation or add nations to our §YSphere of Influence§W:;Nous pouvons §Yaméliorer l'opinion§W de notre nation ou ajouter des nations à notre §Ysphère d'influence§W :;Wir können eine §YMeinungssteigerung§W über unsere Nation erwirken oder Nationen unserer §YEinflusssphäre§W hinzufügen:;;Podemos §YMejorar la opinión§W de nuestra nación o añadir naciones a nuestra §YEsfera de influencia§W:;;;;;;;;;x;
COUNTRYALERT_NO_CanIncreaseOpinion;We cannot increase the opinion of our nation or add nations to our §YSphere of Influence§W;Nous ne pouvons pas améliorer l'opinion de notre nation ou ajouter des nations à notre §Ysphère d'influence§W.;Wir können die Meinung über unsere Nation nicht steigern oder Nationen unserer §YEinflusssphäre§W hinzufügen:;;No podemos mejorar la opinión de nuestra nación o añadir naciones a nuestra §YEsfera de influencia§W;;;;;;;;;x;
COLONY_SUCCESS_LOG;We successfully colonized $TARGET$.;Nous avons réussi à coloniser $TARGET$.;Wir haben $TARGET$ erfolgreich kolonisiert.;;Hemos conseguido colonizar $TARGET$.;;;;;;;;;x;
COLONY_FAIL_LOG;$OTHER$ managed to to colonize $TARGET$ before us.;$OTHER$ a réussi à coloniser $TARGET$ avant nous.;$OTHER$ hat es geschafft, $TARGET$ vor uns zu kolonisieren.;;$OTHER$ ha conseguido colonizar $TARGET$ antes que nosotros.;;;;;;;;;x;
american_cultures;American Cultures;Cultures américaines;Amerikanische Kulturen;;Culturas americanas;;;;;;;;;x;
CANT_USE_LAST_WAR_GOALS;Selecting this war goal would end the war and can only be done in a peace deal with the war leader;La sélection de cet objectif mettra fin à la guerre, mais nécessite un accord de paix avec le meneur de guerre ennemi.;Die Auswahl dieses Kriegsziels würde den Krieg beenden. Dies ist nur in einem Friedensvertrag mit dem Kriegsführer möglich.;;Seleccionar este objetivo bélico pondría fin a la guerra y solo puede llevarse a cabo en un acuerdo de paz con el líder de la guerra;;;;;;;;;x;
CANCELALLIANCE_THEY_ACCEPT_BTN2;OK;D'accord;OK;OK;OK;Aceptar;OK;Rendben;OK;;;;;;x
CANCELALLIANCE_THEY_ACCEPT_BTN3;Go to;Voir;Go to;IdŸ do;Ir allí;Andare;Menj ide:;Pøejít na;;;;;;x;
TOPBAR_DEC_SPEED;Decrease Speed;Réduire la vitesse;Geschwindigkeit reduzieren;;Disminuir velocidad;;;;;;;;;x;
fort;Fort;Fort;Fort;;Fuerte;;;;;;;;;x;
fort_short;Fort;fort;Fort;;Fuerte;;;;;;;;;x;
TOPBAR_DEC_SPEED;Decrease Speed;Réduire la vitesse;Geschwindigkeit reduzieren;;Disminuir velocidad;;;;;;;;;x;
IS_GREAT_NATION;Is Great Power;Est une Grande Puissance;Ist Großmacht;;Es una gran potencia;;;;;;;;;x;
NO_DEMOTION;There will be no demotions this month.;Il n'y aura aucune rétrogradation ce mois-ci.;Diesen Monat gibt es keine Degradierungen.;;Este mes no habrá degradaciones.;;;;;;;;;x;
NO_PROMOTION;There will be no promotions this month.;Il n'y aura aucune promotion ce mois-ci.;Diesen Monat gibt es keine Beförderungen.;;Este mes no habrá ascensos.;;;;;;;;;x;
INCREASEOPINION_THEY_ACCEPT_MAP;Opinion increased;Opinion en hausse;Meinung erhöht;;Opinión mejorada;;;;;;;;;x;
INCREASEOPINION_WE_ACCEPT_MAP;Opinion increased;Opinion en hausse;Meinung erhöht;;Opinión mejorada;;;;;;;;;x;
DECREASEOPINION_THEY_ACCEPT_MAP;Opinion decreased;Opinion en baisse;Meinung verringert;;Opinión empeorada;;;;;;;;;x;
DECREASEOPINION_WE_ACCEPT_MAP;Opinion decreased;Opinion en baisse;Meinung verringert;;Opinión empeorada;;;;;;;;;x;
ADDTOSPHERE_THEY_ACCEPT_MAP;Added to Sphere;Ajouté à la sphère;Zu Einflusssphäre hinzugefügt;;Añadida a la esfera;;;;;;;;;x;
ADDTOSPHERE_WE_ACCEPT_MAP;Added to Sphere;Ajouté à la sphère;Zu Einflusssphäre hinzugefügt;;Añadida a la esfera;;;;;;;;;x;
REMOVEFROMSPHERE_THEY_ACCEPT_MAP;Removed from sphere;Retiré de la sphère;Aus Einflusssphäre entfernt;;Retirada de la esfera;;;;;;;;;x;
REMOVEFROMSPHERE_WE_ACCEPT_MAP;Removed from sphere;Retiré de la sphère;Aus Einflusssphäre entfernt;;Retirada de la esfera;;;;;;;;;x;
INCREASERELATION_THEY_ACCEPT_MAP;Relation increased;Relation améliorée;Beziehung verbessert;;Relación mejorada;;;;;;;;;x;
INCREASERELATION_WE_ACCEPT_MAP;Relation increased;Relation améliorée;Beziehung verbessert;;Relación mejorada;;;;;;;;;x;
DECREASERELATION_THEY_ACCEPT_MAP;Relation decreased;Relation détériorée;Beziehung verschlechtert;;Relación empeorada;;;;;;;;;x;
DECREASERELATION_WE_ACCEPT_MAP;Relation decreased;Relation détériorée;Beziehung verschlechtert;;Relación empeorada;;;;;;;;;x;
WETARGET_DISCREDIT_MAP;Discredited!;Discrédité !;In Verruf gebracht!;;¡Desacreditado!;;;;;;;;;x;
WETARGET_EXPELADVISORS_MAP;Advisors expelled!;Conseillers expulsés !;Berater ausgewiesen!;;¡Consejeros expulsados!;;;;;;;;;x;
WETARGET_BANEMBASSY_MAP;Embassy banned!;Ambassade interdite !;Botschaft verbannt!;;¡Embajada cerrada!;;;;;;;;;x;
WETARGET_DECREASEOPINION_MAP;Opinion decreased!;Opinion en baisse !;Meinung verringert!;;¡Opinión empeorada!;;;;;;;;;x;
WETARGET_REMOVEFROMSPHERE_MAP;Removed from sphere!;Retiré de la sphère !;Aus Einflusssphäre entfernt!;;¡Retirada de la esfera!;;;;;;;;;x;
womens_suffrage_movement;Womens Sufferage Movement;Mouvement des suffragettes;Frauenrechtsorganisation;;Movimiento sufragista femenino;;;;;;;;;x;
WAR_GOOD_RELATION;Good relations(§Y$REL$§W) and average consciousness(§Y$CON$§W): ;Bonnes relations (§Y$REL$§W) et conscience nationale moyenne (§Y$CON$§W) : ;Gute Beziehungen (§Y$REL$§W) und durchschnittliches Bewusstsein (§Y$CON$§W):;;Buenas relaciones (§Y$REL$§W) y conciencia media (§Y$CON$§W): ;;;;;;;;;x;
make_slave;Create Slave State;Créer un État esclavagiste;Sklavereistaat erstellen;;Crear estado esclavista;;;;;;;;;x;
make_free;Create Free State;Créer un État libre;Freistaat erstellen;;Crear estado libre;;;;;;;;;x;
POP_OTHER_CULT;Other;Autres;Andere;;Otra;;;;;;;;;x;
BLOCKADED_PEACE;Blockaded;Sous blocus;Blockiert;;Bloqueada;;;;;;;;;x;
INCREASE_RELATION_MAX;We cannot get better relations with ;Nous ne pouvons pas entretenir de meilleures relations avec ;Keine besseren Beziehungen möglich zu;;No podemos mejorar más las relaciones con ;;;;;;;;;x;
DECREASE_RELATION_MAX;We cannot get worse relations with ;Nous ne pouvons pas entretenir de pires relations avec ;Keine schlechteren Beziehungen möglich zu;;No podemos empeorar más las relaciones con ;;;;;;;;;x;
BANKRUPTCY_SETUP;When we have a bankruptcy;Si nous faisons faillite;Wenn wir in Konkurs gehen;;Cuando tengamos una bancarrota;;;;;;;;;x;
BANKRUPTCY_HEADER;$MESSENGER$;$MESSENGER$;$MESSENGER$;;$MESSENGER$;;;;;;;;;x;
BANKRUPTCY_1;A sad state of affairs!;Faillite !;Konkurs!;;¡Bancarrota!;;;;;;;;;x;
BANKRUPTCY_2;We have been forced to declare bankrupcy.;Nous avons été réduits à la faillite.;Wir wurden gezwungen, Konkurs anzumelden.;;Nos hemos visto obligados a declararnos en bancarrota.;;;;;;;;;x;
BANKRUPTCY_3;All our loans have been cleared,;Tous nos emprunts ont été soldés,;Sämtliche unserer Darlehen wurden gelöscht,;;Todos nuestros préstamos han sido saldados,;;;;;;;;;x;
BANKRUPTCY_4;but this has caused great concern among our population;mais notre population est inquiète;aber dies hat unter unserer Bevölkerung große Besorgnis hervorgerufen;;pero ello ha causado una gran preocupación entre nuestra población;;;;;;;;;x;
BANKRUPTCY_5;and we have lost much prestige in the eyes of the world.;et nous avons perdu une bonne partie de notre prestige aux yeux du reste du monde.;und wir haben in den Augen der Welt viel Prestige eingebüßt.;;y hemos perdido mucho prestigio a los ojos del mundo.;;;;;;;;;x;
BANKRUPTCY_6;In the future banks will be more hesitant to loan us money.;À l'avenir, les banques hésiteront à nous prêter de l'argent.;In Zukunft werden uns Banken zögerlicher Geld leihen.;;En el futuro, los bancos serán más reacios a prestarnos dinero.;;;;;;;;;x;
BANKRUPTCY_LOG;We went bankrupt.;Nous avons fait faillite.;Wir sind Konkurs gegangen.;;Nos hemos declarado en bancarrota.;;;;;;;;;x;
BANKRUPTCY_BTN1;This is not good;Mauvaise chose;Das ist nicht gut.;;No es buena cosa;;;;;;;;;x;
THEY_BANKRUPTCY_SETUP;another country has a bankruptcy;Un autre pays a fait faillite;ein anderes Land hat Konkurs angemeldet.;;Otro país se ha declarado en bancarrota;;;;;;;;;x;
THEY_BANKRUPTCY_HEADER;$MESSENGER$;$MESSENGER$;$MESSENGER$;;$MESSENGER$;;;;;;;;;x;
THEY_BANKRUPTCY_1;Bankruptcy!;Faillite !;Konkurs!;;¡Bancarrota!;;;;;;;;;x;
THEY_BANKRUPTCY_2;$COUNTRY$;$COUNTRY$;$COUNTRY$;;$COUNTRY$;;;;;;;;;x;
THEY_BANKRUPTCY_3;have been forced to declare bankrupcy.;a été réduit à la faillite.;ist gezwungen worden, Konkurs anzumelden.;;se ha visto obligado a declararse en bancarrota.;;;;;;;;;x;
THEY_BANKRUPTCY_4;*;*;*;;*;;;;;;;;;x;
THEY_BANKRUPTCY_5;*;*;*;;*;;;;;;;;;x;
THEY_BANKRUPTCY_6;*;*;*;;*;;;;;;;;;x;
THEY_BANKRUPTCY_LOG;$COUNTRY$ went bankrupt.;$COUNTRY$ a fait faillite.;$COUNTRY$ ist Konkurs gegangen.;;$COUNTRY$ se ha declarado en bancarrota.;;;;;;;;;x;
THEY_BANKRUPTCY_BTN1;Ok;OK;Ok;;Aceptar;;;;;;;;;x;
LIT_CHANGE;Monthly Change;Évolution mensuelle;Monatliche Veränderung;;Cambio mensual;;;;;;;;;x;
precious_metal_desc;Precious Metals are not sold as normal goods but directly converted to money.;Contrairement aux autres marchandises, les métaux précieux ne se vendent pas. Ils sont directement convertis en monnaie.;Edelmetalle werden nicht als normale Güter verkauft, sondern direkt in Geld umgewandelt.;;Los metales preciosos no se venden como mercancías normales, sino que se convierten directamente en dinero.;;;;;;;;;x;
DIPLOMACY_CANNOT_SET_PRIO_BANNED;We cannot influence this nation since our embassy is banned;Nous ne pouvons pas influencer cette nation, car notre ambassade y est interdite.;Wir können diese Nation nicht beeinflussen, weil unsere Botschaft verbannt wurde.;;No podemos influir en esta nación, ya que nuestra embajada ha sido cerrada;;;;;;;;;x;
MILITARY_MOBILIZE;Mobilize our Armed Forces;Mobiliser nos forces armées;Mobilisierung unserer Streitkräfte;;Movilizar nuestras fuerzas armadas;;;;;;;;;x;
MILITARY_MOBILIZE_DESC;Apart from our standing army, our country can also, in the event of war, draw upon additional resources in the form of conscript levies. By ordering mobilization, our conscript armies will begin amassing at major population centers, and begin preparations for full out war. While mobilization may be essential to overcoming a sizable enemy invasion, we must always be wary of its impact on the national economy.;Outre son armée de métier, en cas de guerre, notre pays peut aussi avoir recours à la conscription. Lorsqu'un ordre de mobilisation est émis, nos armées de conscrits se rassemblent dans les principaux centres démographiques et se préparent à engager une guerre totale. Si la mobilisation est essentielle pour repousser une invasion ennemie d'envergure, mieux vaut se méfier de son impact sur l'économie nationale.;Zusätzlich zu unserem stehenden Heer kann unser Land in Kriegszeiten durch den Einzug Wehrpflichtiger zusätzliche Truppen ausheben. Nach Erhalt des Mobilisierungsbefehls versammeln sich unsere Wehrpflichtigenarmeen in großen Ballungsräumen und beginnen mit ihren Vorbereitungen für den Kriegseinsatz. Während die Mobilisierung beispielsweise zur Abwehr einer größeren Invasion notwendig sein könnte, müssen wir vor ihren Auswirkungen auf die nationale Wirtschaft auf der Hut sein.;;Además de nuestro ejército permanente, nuestro país, en caso de guerra, también puede contar con recursos adicionales en forma de levas. Al ordenar la movilización, se empezarán a formar nuestros ejércitos reclutados en los principales centros de población y se iniciarán los preparativos para la guerra. Aunque la movilización puede resultar esencial para afrontar una invasión enemiga de gran envergadura, siempre debemos ser conscientes de su impacto en la economía nacional.;;;;;;;;;x;
MILITARY_DEMOBILIZE;Demobilize our Armed Forces;Démobiliser nos forces armées;Demobilisierung unserer Streitkräfte;;Desmovilizar nuestras fuerzas armadas;;;;;;;;;x;
MILITARY_DEMOBILIZE_DESC;By giving the order to stand down, our conscript armies will leave the field of battle and return to their homes. While any country ravaged by the tribulations of war certainly longs for a return to normalcy, we would do well to first ensure that the war is won, before sheathing our sword.;Lorsqu'un ordre de démobilisation est émis, nos conscrits quittent le champ de bataille pour rentrer chez eux. Comme tout pays ravagé par la guerre, nous sommes impatients de retrouver une vie normale, mais pour cela, nous devons d'abord gagner la guerre.;Nach Erhalt des Demobilisierungsbefehls verlassen unsere Wehrpflichtigenarmeen die Schlachtfelder und kehren nach Hause zurück. Obwohl sich jedes von den Sorgen des Krieges verheerte Land nach der Rückkehr zur Normalität sehnt, sollten wir sicher sein, dass der Krieg auch gewonnen ist, bevor wir das Schwert in die Scheide stecken.;;Al dar la orden de cesar la alarma, nuestros ejércitos reclutados abandonarán el campo de batalla y regresarán a sus hogares. Aunque un país asolado por las adversidades de la guerra anhela, cómo no, recuperar la normalidad, antes de envainar la espada haríamos bien en asegurarnos de que la guerra está ganada.;;;;;;;;;x;
BE_TECH;Technologies:;Technologies;Technologien:;;Tecnologías:;;;;;;;;;x;
BE_INVENT;Inventions:;Inventions;Erfindungen:;;Inventos:;;;;;;;;;x;
TOPBAR_DIPLOPOINTS_GAIN;We gain §Y$VALUE$§W diplomatic points each month;Nous gagnons §Y$VALUE$§W points de diplomatie par mois.;Wir erhalten monatlich §Y$VALUE$§W Diplomatiepunkte.;;Obtenemos §Y$VALUE$§W puntos de diplomacia cada mes;;;;;;;;;x;
TOPBAR_DIPLOPOINTS_BASEGAIN;Base gain: §Y$VALUE$§W diplomatic points;Gain de base : §Y$VALUE$§W points de diplomatie.;Basis-Zugewinn: §Y$VALUE$§W Diplomatiepunkte.;;Ganancia base: §Y$VALUE$§W puntos de diplomacia;;;;;;;;;x;
MOBILISE;Mobilize;Mobiliser;Mobilisieren;;Movilizar;;;;;;;;;x;
DEMOBILISE;Demobilize;Démobiliser;Demobilisieren;;Licenciar;;;;;;;;;x;
BE_INVENT;Inventions:;Inventions :;Erfindungen:;;Inventos:;;;;;;;;;x;
THE_WORLD_IN;The World in $YEAR$;Le monde en $YEAR$;Die Welt des Jahres $YEAR$;;El mundo en $YEAR$;;;;;;;;;x;
TECHNOLOGY_ACTIVATION_YEAR;Activation year:;An. d'activation :;Aktivierungsjahr:;;Año activación:;;;;;;;;;x;
TECHNOLOGY_RESEARCH_POINTS;Research points:;Pts de recherche :;Forschungspunkte:;;Ptos. investigación:;;;;;;;;;x;
TEMP_NEXT;Next;Suivant;Weiter;;Siguiente;;;;;;;;;x;
BUDGET_EXPORTS;National Stockpile Sales: §Y$VAL$§W;Ventes des réserves nationales : §Y$VAL$¤§W;Verkäufe aus Nationalvorrat: §Y$VAL$§W;;Ventas de la reserva nacional: §Y$VAL$§W;;;;;;;;;x;
BUDGET_IMPORTS;National Stockpile Purchases: §Y$VAL$§W;Achats des réserves nationales : §Y$VAL$¤§W;Käufe für Nationalvorrat: §Y$VAL$§W;;Compras de la reserva nacional: §Y$VAL$§W;;;;;;;;;x;
bad_debter;Bad debter;Mauvais payeur;Schlechter Schuldner;;Mal pagador;;;;;;;;;x;
bad_debter_desc;Due to your countrys history of flaky economy banks will demand a higher interest on your loans;Compte tenu des antécédents économiques de votre pays, les banques vous proposeront des emprunts aux taux d'intérêt élevés.;Aufgrund der traditionell unzuverlässigen Wirtschaft Ihres Landes werden Banken für ihre Darlehen künftig mehr Zinsen verlangen.;;Debido al historial de economía poco fiable de tu país, los bancos aplicarán a tus préstamos un interés más elevado.;;;;;;;;;x;
MUST_NEGOTIATE_WITH_WAR_LEADER;We must negotiate with the enemy §YWar leader§W if we are not leading our war;À défaut de dominer la guerre que nous menons, nous devons négocier avec le §Ymeneur de guerre§W ennemi.;Wenn wir den Krieg nicht anführen, müssen wir mit dem feindlichen §YKriegsführer§W verhandeln.;;Si no progresamos en nuestra guerra, tenemos que negociar con el §Líder de la guerra§Y enemigo;;;;;;;;;x;
BAD_ADJ;Baden;Bade;Baden;;Baden;;;;;;;;;x;
WAR_LEADER;§YWar leader§W;§Ymeneur de guerre§W;§YKriegsführer§W;;§YLíder de la guerra§W;;;;;;;;;x;
MUST_NEGOTIATE_WITH_WAR_LEADER_NO_LEFTOVER_WARGOALS;We must negotiate with the enemy §YWar leader§W since making peace with §Y$COUNTRY$§W would end the war;Nous devons négocier avec le §Ymeneur de guerre§W ennemi, car un accord de paix avec §Y$COUNTRY$§W mettrait fin à la guerre.;Wir müssen mit dem feindlichen §YKriegsführer§W verhandeln, da ein Friedensschluss mit §Y$COUNTRY$§W den Krieg beenden würde.;;Tenemos que negociar con el §YLíder de la guerra§W enemigo, ya que firmar la paz con §Y$COUNTRY$§W pondría fin a la guerra;;;;;;;;;x<;
WARGOAL_DEMAND;§Y$COUNTRY$§W demands this from §Y$ENEMY$§W;§Y$COUNTRY$§W exige ceci de §Y$ENEMY$§W;§Y$COUNTRY$§W verlangt dies von §Y$ENEMY$§W.;;§Y$COUNTRY$§W exige esto de §Y$ENEMY$§W;;;;;;;;;x;
POP_DETAILS_PROMOTIONS;Promotions:;Promotions :;Beförderungen:;;Ascensos:;;;;;;;;;x;
POP_DETAILS_DEMOTIONS;Demotions:;Rétrogradations :;Degradierungen:;;Degradaciones:;;;;;;;;;x;
NO_WAR_SPHERE_LEADER;Cannot go to war against sphere leader.;Impossible de faire la guerre au tête de sphère.;Kriege gegen Einflusssphären-Anführer nicht möglich.;;No podemos entrar en guerra con el líder de la esfera.;;;;;;;;;x;
EVTNAME15310;The Flying University;L'Université volante;Die Fliegende Universität;;La universidad flotante;;;;;;;;;x;
GO_TO_DIPLOMACY;Go to Diplomacy;Actes diplomatiques;Diplomatie;;Ir a Diplomacia;;;;;;;;;x;
PROVINCE_CONTROL_DAYS_LATER_THAN;Province control not changed in the last §Y$DAYS$§W days.\n;Le contrôle de la province est resté inchangé depuis §Y$DAYS$§W jours.\n;Provinzkontrolle während der letzten §Y$DAYS$§W Tage unverändert.\n;;El control de la provincia no ha cambiado en los últimos §Y$DAYS$§W días.\n;;;;;;;;;x;
PROVINCE_CONTROL_DAYS;Province control changed in the last §Y$DAYS$§W days.\n;Le contrôle de la province a changé au cours des §Y$DAYS$§W derniers jours.\n;Provinzkontrolle hat sich während der letzten §Y$DAYS$§W Tage geändert.\n;;El control de la provincia ha cambiado en los últimos §Y$DAYS$§W días.\n;;;;;;;;;x;
ENFORCE_DEMANDS_TRIGGER;These rebels will win if the following is true:;Si ce qui suit est vrai, ces rebelles l'emporteront :;Diese Rebellen werden gewinnen, wenn Folgendes zutrifft:;;Estos rebeldes ganarán si se cumple lo siguiente:;;;;;;;;;x;
EVTNAME15060;First Farmer's Bank;Première banque agricole;Erste Bauernbank;;First Farmer's Bank;;;;;;;;;x;
POLITICS_REFORMS;Reforms;Réformes;Reformen;;Reformas;;;;;;;;;x;
POLITICS_RELEASE_NATIONS;Release Nations;Nations libérables;Nationen entlassen;;Liberar naciones;;;;;;;;;x;
MILITARY_LEADER_NAME_TOOLTIP;§Y$NAME$§W is in command of §Y$ARMY$§W in §Y$LOCATION$§W;§Y$NAME$§W est aux commandes de §Y$ARMY$§W à §Y$LOCATION$§W.;§Y$NAME$§W befehligt §Y$ARMY$§W in §Y$LOCATION$§W;;§Y$NAME$§W está al mando de: §Y$ARMY$§W en §Y$LOCATION$§W;;;;;;;;;x;
BE_SECOND_RANK;Secondary Power;Puissance secondaire;Großmacht zweiten Ranges;;Potencia menor;;;;;;;;;x;
COUNTRYALERT_HasUnemployedWorkers;The following states have unemployed factory workers:;Les États suivants ont des ouvriers au chômage :;In den folgenden Staaten gibt es arbeitslose Fabrikarbeiter:;;Los siguientes estados tienen trabajadores de fábricas desempleados:;;;;;;;;;x;
REMOVE_TOPBAR_POPULATION;Our adult male population is $CURR$. Our adult male population has changed by approx. $CHANGE$ each month.;Notre population masculine adulte s'élève à $CURR$.\nNotre population masculine a évolué d'environ $CHANGE$ adultes le mois dernier.;Unsere aktuelle männliche Bevölkerung ist $CURR$. Unsere männliche Bevölkerung ändert sich monatlich um ungefähr $CHANGE$.;;Nuestra población adulta masculina es de $CURR$. Nuestra población adulta masculina cambia cada mes en $CHANGE$, aproximadamente.;;;;;;;;;x;
TOPBAR_POPULATION_VISUAL;Our total population is $CURR$.;Notre population totale s'élève à $CURR$.;Unsere Gesamtbevölkerung ist $CURR$.;;Nuestra población total es de $CURR$.;;;;;;;;;x;
BUILD_COLONIAL;Non-colonial state;État non colonial;Nicht-Koloniestaat;;Estado no colonial;;;;;;;;;x;
EVTNAME14210_sub;All They're Saying is 'Give Peace a Chance!';Ils entendent que l'on donne une chance à la paix !;Und dabei sangen sie 'Give Peace a Chance!';;¡Todo lo que dicen es 'Give Peace a Chance'!;;;;;;;;;x;
EVTNAME14040;Love & War;Amour et guerre;Liebe & Kriege;;Amor y guerra;;;;;;;;;x;
REL_SPHERE_OF_INFLUENCE;In Sphere;Dans la sphère;In Einflusssphäre;;Esfera;;;;;;;;;x;
status_quo_short;Status Quo;Statu quo;Status Quo;;Mantener el statu quo;;;;;;;;;x;
TOTAL_AMOUNT_OF_SHIPS;Total amount of ships: $COUNT$;Nombre total de navires : $COUNT$;Gesamtzahl an Schiffen: $COUNT$;;Cantidad total de barcos: $COUNT$;;;;;;;;;x;
LESS_AMOUNT_OF_SHIPS;Less amount of ships than: $COUNT$;Nombre de navires inférieur à : $COUNT$;Weniger Schiffe als: $COUNT$;;Menos cantidad de barcos que: $COUNT$;;;;;;;;;x;
REVANCHISM_EXPLANATION;Revanchism, from the French word for 'revenge', is the yearning for the return of land lost to the nation. In love, war, and peace alike, our people will be willing to make greater sacrifices for the return of our sacred soil.;Le revanchisme est une attitude politique inspirée par l'esprit de revanche (après une défaite). Notre peuple est prêt à tous les sacrifices pour retrouver son sol sacré.;Revanchismus ist vom französischen Wort für Rache abgeleitet und steht für den Wunsch nach der Wiedererlangung verlorener Territorien einer Nation. Im Krieg wie im Frieden ist unsere Bevölkerung gewillt, für die Wiedererlangung unseres heiligen Territoriums größere Opfer zu bringen.;;El revanchismo, palabra que procede del término francés empleado para expresar 'venganza', es el ansia de recuperar territorios perdidos por la nación. Como en el amor, en la guerra y en la paz, nuestro pueblo estará dispuesto a realizar los mayores sacrificios para recuperar nuestro sagrado suelo.;;;;;;;;;x;
EVTNAME14120_sub;Religious policy debated in local election;Politique religieuse débattue lors d'élections locales;Debatte über Kriegspolitik bei Lokalwahl;;Política religiosa debatida en las elecciones locales;;;;;;;;;x;
BE_GREAT_POWER;Great Power;Grande Puissance;Großmacht;;Gran potencia;;;;;;;;;x;
DIPLOMACY_GREATNATION_STATUS;Great Power;Grande Puissance;Großmacht;;Gran potencia;;;;;;;;;x;
WE_NO_LONGER_GREAT_POWER_2;and lost its position as a Great Power to;et a perdu sa position de Grande Puissance face à;Sie verloren den Rang als Großmacht an;;y ha perdido su condición de gran potencia ante;;;;;;;;;x;
THEY_NO_LONGER_GREAT_POWER_3;and lost its position as a Great Power to;et a perdu sa position de Grande Puissance face à;Sie verloren den Rang als Großmacht an;;y ha perdido su condición de gran potencia ante;;;;;;;;;x;
WE_BECAME_GREAT_POWER_2;and are now considered a Great Power!;nous sommes maintenant considérés comme une Grande Puissance !;Wir werden nun als Großmacht angesehen!;;y ahora se ha convertido en una gran potencia.;;;;;;;;;x;
SERVER_LOST_DESC;The server was lost. You can save the game or choose continue and close this window. To continue the game you must quit and rehost.;La connexion avec le serveur a été perdue. Vous pouvez sauvegarder la partie ou fermer cette fenêtre pour continuer. Pour poursuivre la partie, vous devez quitter et accueillir une nouvelle session.;Verbindung zum Server unterbrochen. Sie können das Spiel speichern oder fortfahren und dieses Fenster schließen. Zum Fortsetzen des Spiels müssen Sie beenden und neu hosten.;;No se encuentra el servidor. Puedes guardar la partida o continuar y cerrar esta ventana. Para continuar la partida, tienes que salir y volver a conectar con el anfitrión.;;;;;;;;;x;
MODIFIER_GLOBAL_POP_MILITANCY_MODIFIER;Pop Militancy;Militantisme des POP;Bev-Militanz;;Militancia de POB;;;;;;;;;x;
MODIFIER_GLOBAL_POP_CONSCIOUSNESS_MODIFIER;Pop Consciousness;Conscience nationale des POP;Bev-Bewusstsein;;Conciencia de POB;;;;;;;;;x;
EDU_DESC;The educational budget is used to pay the clergy and to produce research points.;Le budget de l'enseignement permet de payer le clergé et de produire des points de recherche.;Aus dem Bildungshaushalt werden der Klerus und die Produktion von Forschungspunkten bezahlt.;;El presupuesto educativo se utiliza para pagar al clero y producir puntos de investigación.;;;;;;;;;x;
ADM_DESC;Spending on administration allows your bureaucrats to run and maintain a healthy bureaucracy, increasing your tax efficiency.;Le budget alloué à l'administration assure le bon fonctionnement de la bureaucratie et renforce votre efficacité fiscale.;Verwaltungsausgaben ermöglichen Ihren Bürokraten die Beibehaltung einer reibungslosen Verwaltung und die Erhöhung Ihrer Steuereffizienz.;;La inversión en administración permite a tus burócratas mantener una burocracia saludable, lo que incrementa tu eficacia impositiva.;;;;;;;;;x;
COMBATEND_INITIAL;Initial;Initialement;Anfänglich;;Inicial;;;;;;;;;x;
COMBATEND_CASUALTIES;Casualties;Victimes;Verluste;;Bajas;;;;;;;;;x;
COMBATEND_SURVIVORS;Survivors;Survivants;Überlebende;;Sobreviven;;;;;;;;;x;
RELEASE_VASSAL_EFFECT;Release §Y$TARGET$§W\n;Libérer §Y$TARGET$§W\n;§Y$TARGET$§W entlassen\n;;Liberar §Y$TARGET$§W\n;;;;;;;;;x;
EVTDESC15310;As she makes her way through the city, doding shadows as if they were $COUNTRY_ADJ$ soldiers, the illuminated clock-tower of the church seems to glare at her like a mean, infected yellow eye. She's already late, but class is still in session.\n\nAn underground university has formed in $PROVINCENAME$, providing higher education despite the ban on minority languages in academia.;À mesure qu'elle traverse la ville, fuyant les ombres comme s'il s'agissait de soldats $COUNTRY_ADJ$, la tour de l'horloge illuminée semble l'observer, tel un inquiétant œil jaune. Elle est en retard, mais le cours n'est pas terminé.\n\nUne université clandestine a été créée en $PROVINCENAME$ pour dispenser des cours d'enseignement supérieur malgré l'interdiction des langues minoritaires dans le milieu universitaire.;Während sie sich ihren Weg durch die Stadt bahnt, wobei sie Schatten ausweicht, als seien sie $COUNTRY_ADJ$ Soldaten, scheint sie die erleuchtete Turmuhr wie ein böses, gelbes Auge anzustarren. Sie ist schon zu spät, aber der Unterricht ist noch nicht vorbei.\n\nIn $PROVINCENAME$ hat sich eine Untergrund-Universität gegründet, die trotz des Bannes gegen Minderheitensprachen in akademischen Kreisen höhere Bildung vermittelt.;;Mientras recorre la ciudad, esquivando las sombras como si fueran soldados de $COUNTRY$, el iluminado reloj de la torre de la iglesia parece mirarla fijamente, como un perverso y ponzoñoso ojo amarillo. Ya llega tarde, pero la clase aún no ha terminado.\n\nEn $PROVINCENAME$, se ha formado una universidad clandestina que proporciona educación superior, a pesar de la prohibición de las lenguas minoritarias en la academia.;;;;;;;;;x;
EVTNAME11100;The $FROMCOUNTRY_ADJ$ Parliament;Le parlement $FROMCOUNTRY_ADJ$;Das $FROMCOUNTRY_ADJ$ Parlament;;El parlamento de $FROMCOUNTRY$;;;;;;;;;x;
EVTDESC11100;A rising tide of liberal nationalism within greater $CULTURE_GROUP_UNION$ has toppled the government in $FROMCOUNTRY$. A parliament of liberal revolutionaries has been convened, with representatives from all of $CULTURE_GROUP_UNION$, which has decreed that the time is right for the nation to unite under one banner. The parliament has offered the crown of this united $CULTURE_GROUP_UNION$ to us. We could accept the offer, but doing so would cause international alarm, and require us to compensate the revolutionaries politically.;La vague de nationalisme libéral qui a traversé $CULTURE_GROUP_UNION$ a renversé le gouvernement de $FROMCOUNTRY$. Un parlement de révolutionnaires libéraux s'est réuni, avec des représentants de l'ensemble de $CULTURE_GROUP_UNION$, et a décrété qu'il est temps pour la nation de s'unir sous la même bannière. Le parlement nous a proposé la couronne de la nation unifiée de $CULTURE_GROUP_UNION$. Nous pourrions accepter cette offre, mais la communauté internationale risque de s'en offusquer et nous devrons dédommager les révolutionnaires sur le plan politique.;Der aufwallende Liberalnationalismus in $CULTURE_GROUP_UNION$ hat die Regierung in Groß-$FROMCOUNTRY$ gestürzt. Man hat ein liberales Revolutionsparlament mit Repräsentanten aus ganz $CULTURE_GROUP_UNION$ einberufen, das zu dem Schluss gekommen ist, dass nun die Zeit reif dafür ist, dass sich die Nation unter einem Banner vereinigt. Das Parlament hat uns die Krone des vereinigten $CULTURE_GROUP_UNION$ angeboten. Wir könnten das Angebot annehmen, aber dann würden wir das Ausland alarmieren und wir müssten die Revolutionäre politisch entschädigen.;;Un incremento notable del nacionalismo liberal en la entidad $CULTURE_GROUP_UNION$ ha hecho caer al gobierno de $FROMCOUNTRY$. Se ha reunido un parlamento de revolucionarios, con representantes de todos los rincones de la entidad $CULTURE_GROUP_UNION$, y ha decretado que es el momento de que la nación se una bajo un solo estandarte. El parlamento nos ha ofrecido a nosotros la corona de la entidad $CULTURE_GROUP_UNION$. Podríamos aceptar la oferta, pero hacerlo causaría alarma internacional, y nos obligaría a compensar políticamente a los revolucionarios.;;;;;;;;;x;
EVTOPTA11100;Hurrah!;Hourra !;Hurra!;;¡Hurra!;;;;;;;;;x;
EVTOPTB11100;I will not accept a crown from the gutter.;Pas question que j'accepte une couronne qui vient du caniveau !;Ich werde keine Krone aus der Gosse akzeptieren.;;No aceptaré una corona de la escoria.;;;;;;;;;x;
IS_IN_A_SPHERE;Is in a Sphere of Influence;Est dans une sphère d'influence;Befindet sich in einer Einflusssphäre;;Está en una esfera de influencia;;;;;;;;;x;
EVTNAME16070;Fire-Eaters;Mangeurs de Feu;Fire-Eaters;;Fire-Eaters;;;;;;;;;x;
EVTDESC16070;It has put at rest, forever, all the agitating questions relating to our peculiar institution.'\n\nHis words are soft-spoken, but carry an inner flame of righteous anger directed at anyone and anything he deems as threatening the institution of slavery. 'Fire-Eaters', radical pro-slavery agitators, have appeared in $PROVINCENAME$;Cela a mis un terme définitif à toutes les questions embarrassantes liées à notre singulière institution.\n\nSa voix est douce, mais ses paroles enflammées ne parviennent pas à masquer la colère qu'il éprouve envers tous ceux qui menacent l'existence même de l'esclavage. Des "Mangeurs de Feu", agitateurs radicaux favorables à l'esclavage, ont fait leur apparition en $PROVINCENAME$.;Damit wurde den agitierenden Fragen bezüglich unserer besonderen Situation für immer ein Ende bereitet.'\n\nEr spricht mit sanften Worten, die aber eine Flamme rechtschaffener Wut gegen alles und jeden in sich tragen, was er als Gefahr für die Einführung der Sklaverei ansieht. In $PROVINCENAME$ sind 'Fire-Eaters' aufgetaucht, radikale Befürworter der Sklaverei.;;Ello zanja, para siempre, todas las cuestiones inquietantes relacionadas con nuestra peculiar institución.\n\nSus palabras suenan melosas, pero van cargadas de una llama de cólera justiciera dirigida hacia todo aquello que él considere una amenaza para la institución de la esclavitud. Los 'Fire-Eaters', agitadores radicales en favor de la esclavitud, han aparecido en $PROVINCENAME$;;;;;;;;;x;
EVTOPTA16070;All men were created equal...;Tous les hommes sont nés égaux...;Alle Menschen sind gleich ...;;Todos fuimos creados como iguales...;;;;;;;;;x;
EVTOPTB16070;Never were truer words spoken!;Rien de plus vrai !;Wahrere Worte sind uns noch nie zu Ohren gekommen!;;¡Jamás se pronunciaron palabras más ciertas!;;;;;;;;;x;
PROVINCEVIEW_SUPPLY_LIMIT;Supply Limit:;Lim.ravitaillement;Versorgungslimit:;;Límite sumin.:;;;;;;;;;x;
PRODUCTION_COST_REOPEN;Reopening Cost: §Y$VAL$§W;Coût de réouverture : §Y$VAL$§W;Wiedereröffnungskosten: §Y$VAL$§W;;Coste de reapertura: §Y$VAL$§W;;;;;;;;;x;
EVTNAME11102;Three Hurrahs For $CULTURE_GROUP_UNION$!;Pour $CULTURE_GROUP_UNION$, hip hip hip, hourra !;Ein dreifaches Hurra auf $CULTURE_GROUP_UNION$!;;¡Tres hurras por nuestra nueva patria ($CULTURE_GROUP_UNION$)!;;;;;;;;;x;
EVTDESC11102;All around $COUNTRY$, jubilant crowds, waving the flag of $CULTURE_GROUP_UNION$, take to the streets in celebration, as the government in $CAPITAL$ has proclaimed the unification of all of $CULTURE_GROUP_UNION$ under the $COUNTRY_ADJ$ flag.\n\n'For far too long have we let the machination and conspiracy of foreign powers set the course of our nation's life. Today, and forever -- here, in our ancient homeland -- we form the bonds of a more perfect union. Three Hurrahs for $CULTURE_GROUP_UNION$!'\n\n;Partout en $COUNTRY$, des foules transportées de joie, agitant le drapeau de $CULTURE_GROUP_UNION$, envahissent les rues pour fêter la nouvelle : le gouvernement de $CAPITAL$ a proclamé l'unification de l'ensemble de $CULTURE_GROUP_UNION$ sous le drapeau $COUNTRY_ADJ$.\n\n Cela faisait trop longtemps que nous laissions la machination et le complot des puissances étrangères décider du sort de notre nation. Aujourd'hui et pour toujours, ici dans notre ancienne patrie, nous tissons les liens d'une union plus parfaite. Pour $CULTURE_GROUP_UNION$, hip hip hip, hourra !\n\n;Überall in $COUNTRY$ schwenkt die jubelnde Menge Flaggen von $CULTURE_GROUP_UNION$. Nachdem die Regierung in $CAPITAL$ die Vereinigung von ganz $CULTURE_GROUP_UNION$ unter der $COUNTRY_ADJ$ Flagge proklamiert hat, sind auf den Straßen Feierlichkeiten ausgebrochen.\n\n'Viel zu lange haben wir die Geschicke unserer Nation von den Machenschaften und den Intrigen ausländischer Mächte bestimmen lassen. Heute schmieden wir hier, in unserem angestammten Heimatland, für immer die Bande einer besseren Union. Ein dreifaches Hurra auf $CULTURE_GROUP_UNION$!;;Por todos los rincones de $COUNTRY$, multitudes jubilosas que empuñan la bandera de la nueva entidad $CULTURE_GROUP_UNION$, toman las calles celebrando que el gobierno en $CAPITAL$ ha proclamado su unificación bajo la bandera $COUNTRY_ADJ$.\n\n'Durante demasiado tiempo hemos permitido que la maquinación y la conspiración de potencias extranjeras determinasen el curso de la vida de nuestra nación. Hoy, y para siempre -- aquí, en nuestra madre patria histórica -- establecemos los lazos de una unión más perfecta. ¡Tres hurras por ella!'\n\n;;;;;;;;;x;
EVTOPTA11102;Hurrah!;Bravo !;Hurra!;;¡Hurra!;;;;;;;;;x;
NAVALATTACKTHEM_HEADER;Chief of Navy reports;Le chef de la marine signale que;Der Marine-Oberbefehlshaber berichtet:;;El Jefe de la Marina informa;;;;;;;;;x;
NAVALATTACKUS_HEADER;Chief of Navy reports;Le chef de la marine signale que;Der Marine-Oberbefehlshaber berichtet:;;El Jefe de la Marina informa;;;;;;;;;x;
SIEGEUS_SETUP;When the enemy begins to occupy our province;Si l'ennemi occupe notre province;Wenn der Feind beginnt, unsere Provinz zu besetzen.;;Cuando el enemigo empiece a ocupar nuestra provincia;;;;;;;;;x;
SIEGEUS_HEADER;$MESSENGER$;$MESSENGER$;$MESSENGER$;;$MESSENGER$;;;;;;;;;x;
SIEGEUS_1;Our Province is beginning to be occupied;Notre province est occupée;Der Feind beginnt, $PROV$ zu belagern;;Están empezando a ocupar nuestra provincia;;;;;;;;;x;
SIEGEUS_2;$MONARCHTITLE$,;$MONARCHTITLE$,;$MONARCHTITLE$;;$MONARCHTITLE$,;;;;;;;;;x;
SIEGEUS_3;$PROV$;$PROV$.;$PROV$;;han empezado a ocupar;;;;;;;;;x;
SIEGEUS_4;is beginning to be occupied. Fear not! The forces of;est occupée. Ne craignez rien ! Les forces de;wird gerade vom Feind belagert. Doch fürchtet nichts!\nDie Truppen von;;$PROV$. ¡No hay nada que temer! Las fuerzas de;;;;;;;;;x;
SIEGEUS_5;$ATTACKER$;$ATTACKER$;$ATTACKER$;;$ATTACKER$;;;;;;;;;x;
SIEGEUS_6;will soon be driven off by the might of our armies.;seront bientôt repoussées par nos puissantes armées.;werden schon bald von der Macht unserer Armeen vertrieben werden.;;pronto serán expulsadas por el poder de nuestros ejércitos.;;;;;;;;;x;
SIEGEUS_LOG;$PROV$ is beginning to be occupied.;$PROV$ est occupée.;$PROV$ wird gerade vom Feind belagert.;;Han empezado a ocupar $PROV$.;;;;;;;;;x;
SIEGEUS_BTN1;OK;D'accord;OK;OK;;OK;;;;;;;;;x
SIEGEUS_BTN2;OK;D'accord;OK;OK;;OK;;;;;;;;;x
SIEGEUS_BTN3;Goto;Voir;Goto;;Ir allí;;;;;;;;;x;
SIEGEUS_MAP;*;*;*;;*;;;;;;;;;x;
SIEGETHEM_SETUP;When we begin to occupy one of our enemy's provinces;Si nous occupons une province ennemie;Wenn wir beginnen, eine Provinz unseres Feindes zu besetzen.;;Cuando empezamos a ocupar una de las provincias de nuestro enemigo;;;;;;;;;x;
SIEGETHEM_HEADER;$MESSENGER$;$MESSENGER$;$MESSENGER$;;$MESSENGER$;;;;;;;;;x;
SIEGETHEM_1;Their province is beginning to be occupied;Leur province est occupée;Wir haben begonnen, $PROV$ zu belagern;;Se ha empezado a ocupar su provincia;;;;;;;;;x;
SIEGETHEM_2;$MONARCHTITLE$, we have started to occupy;$MONARCHTITLE$, nous occupons;Wir begannen die Belagerung von;;$MONARCHTITLE$, hemos iniciado la ocupación de;;;;;;;;;x;
SIEGETHEM_3;$PROV$.;$PROV$.;$PROV$.;$PROV$.;$PROV$.;$PROV$.;$PROV$ könnyûszerrel bevehetõ erõdjét.;$PROV$.;;;;;;x;
SIEGETHEM_4;It won't take long before our forces have wrenched it out of the clutches of;Nos forces auront bientôt débarrassé cette province de;Es wird nicht lange dauern, bis unsere Truppen sie;;Nuestras fuerzas no tardarán en arrancarla de las garras de;;;;;;;;;x;
SIEGETHEM_5;$DEFENDER$.;$DEFENDER$.;$DEFENDER$ entrissen haben.;;$DEFENDER$.;;;;;;;;;x;
SIEGETHEM_6;They will look forward to our enlightened government.;Sa population attend impatiemment d'être guidée par notre gouvernement.;Sie werden sich auf unsere aufgeklärte Regierung freuen.;;Esperan con anhelo nuestro gobierno.;;;;;;;;;x;
SIEGETHEM_LOG;We have begun to occupy $PROV$.;Nous occupons $PROV$.;Wir haben mit der Belagerung von $PROV$ begonnen.;;Hemos empezado a ocupar $PROV$.;;;;;;;;;x;
SIEGETHEM_BTN1;OK;D'accord;OK;OK;;OK;;;;;;;;;x
SIEGETHEM_BTN2;OK;D'accord;OK;OK;;OK;;;;;;;;;x
SIEGETHEM_BTN3;Goto;Voir;Goto;;Ir allí;;;;;;;;;x;
SIEGETHEM_MAP;*;*;*;;*;;;;;;;;;x;
chief_of_army;Chief of Army;Chef de l'armée;Armee-Oberbefehlshaber;;Jefe del ejército;;;;;;;;;x;
chief_of_navy;Chief of Navy;Chef de la marine;Marine-Oberbefehlshaber;;Jefe de la marina;;;;;;;;;x;
chief_of_staff;Chief of Staff;Chef d'état-major;Generalstabschef;;Jefe del estado mayor;;;;;;;;;x;
SPHERE_LEADER;Sphere Leader;Tête de sphère;Einflusssphären-Führer;;Líder de la esfera;;;;;;;;;x;
CONFIRM_INTERVENTION;Intervention!;Intervention !;Intervention!;;¡Intervención!;;;;;;;;;x;
CONFIRM_INTERVENTION_DESC;Do you want to intervene in the $WAR$?;Voulez-vous intervenir dans la guerre :\n§Y$WAR$§W ?;Möchten Sie in den $WAR$ intervenieren?;;¿Quieres intervenir en la $WAR$?;;;;;;;;;x;
CHAT_NONE_TIP;Clear chat filter;Supprimer le contenu du filtre de chat;Chatfilter-Inhalt löschen;;Limpiar filtro de diálogo;;;;;;;;;x;
CHAT_ALLIES_TIP;Only chat with allies;Chat avec alliés uniquement;Nur mit Verbündeten chatten;;Diálogo solo con aliados;;;;;;;;;x;
CHAT_ENEMIES_TIP;Only chat with enemies;Chat avec ennemis uniquement;Nur mit Feinden chatten;;Diálogo solo con enemigos;;;;;;;;;x;
CHAT_ALL_TIP;Chat with every one.;Chat avec tout le monde.;Mit jedem chatten;;Diálogo con todos;;;;;;;;;x;
CHAT_FILTER;Click to change if the user gets messages or not;Cliquez pour changer l'option permettant à l'utilisateur de recevoir ou non des messages.;Ändern Sie per Klick, ob der Spieler Nachrichten erhält oder nicht.;;Haz clic para cambiar si el usuario recibe mensajes o no;;;;;;;;;x;
UV_NO_MORALE;Cannot move due to poor organisation. Current organisation is §Y$ORG$§W out of §Y$NEED$§W needed.;Déplacement impossible en raison d'une mauvaise organisation. Organisation actuelle : §Y$ORG$§W Organisation requise : §Y$NEED$§W.;Bewegung aufgrund schwacher Organisation unmöglich. Die aktuelle Organisation ist §Y$ORG$§W, benötigt wird §Y$NEED$§W.;;No puede moverse debido a su escasa organización. La organización actual es de §Y$ORG$§W, lejos de la necesaria §Y$NEED$§W.;;;;;;;;;x;
UV_NO_STRENGHT;Cannot move due to poor strenght. Current strenght is §Y$STR$§W out of §Y$NEED$§W needed.;Déplacement impossible en raison d’un manque de force. Force actuelle : §Y$ORG$§W Force requise : §Y$NEED$§W.;Bewegung aufgrund schwacher Stärke unmöglich. Die aktuelle Stärke ist §Y$STR$§W, benötigt wird §Y$NEED$§W.;;No puede moverse debido a su escasa fuerza. La fuerza actual es de §Y$STR$§W, lejos de la necesaria §Y$NEED$§W.;;;;;;;;;x;
CONT_AI;Replace w. AI;Remplacer par IA;Mit KI ersetzen;;Sustituir con IA;;;;;;;;;x;
CONT_CONTINUE;Continue (no AI);Continuer (pas d'IA);Fortfahren (keine KI);;Continuar (sin IA);;;;;;;;;x;
ASKMILITARYACCESS_THEY_ACCEPT_6;We can move our troops freely across their territory while this treaty is in effect.;Tant que ce traité est en vigueur, vous pouvez déplacer nos troupes à votre convenance sur leur territoire.;Während dieser Vertrag in Effekt ist, können unsere Truppen ungehindert über ihr Territorium marschieren.;;Mientras este tratado esté en vigor, podemos mover nuestras tropas libremente por su territorio.;;;;;;;;;x;
ASKMILITARYACCESS_THEY_DECLINE_6;How they fail to see the benefits of having our troops on the streets of their capital is one of life's little mysteries.;Pourquoi ne voient-ils pas la présence de nos troupes dans les rues de leur capitale comme un atout ? C'est un des mystères de la vie !;Warum sie die Vorzüge nicht sehen können, unsere Truppen auf den Straßen ihrer Hauptstadt zu haben, wird wohl immer ein Geheimnis bleiben.;;Cómo no son capaces de apreciar los beneficios de tener a nuestras tropas en las calles de su capital es uno de esos pequeños misterios de la vida.;;;;;;;;;x;
DISBAND_UNIT_DRO;Disbanding a brigade will remove it from the game, and thus reduce the amount of supplies your nation has to spend on maintenance.;Le démantèlement d'un régiment entraînera sa suppression du jeu et réduira les approvisionnements nécessaires à son entretien par votre nation.;Die Auflösung eines Regiments entfernt es aus dem Spiel und reduziert somit die Gütermenge, die Ihre Nation für die Instandhaltung aufbringen muss.;;Disolver una brigada la retirará del juego, lo que reducirá la cantidad de suministros que tu nación tiene que gastar en mantenimiento.;;;;;;;;;x;
residency_desc;Only people of your nation's primary culture are allowed the vote.;Seule la population de la culture principale de votre nation est autorisée à voter.;Nur Angehörige der Primärkultur unserer Nation dürfen wählen.;;Solo puede votar la población de la cultura principal de tu nación.;;;;;;;;;x;
limited_citizenship_desc;Only people of your nation's primary and accepted cultures are allowed the vote.;Seule la population de la culture principale et de la culture acceptée de votre nation est autorisée à voter.;Nur Angehörige der Primärkultur und der akzeptierten Kulturen unserer Nation dürfen wählen.;;Solo puede votar la población de la cultura principal y de las culturas aceptadas de tu nación.;;;;;;;;;x;
small_arms_production_desc;With the inventions of breech loaded rifles, mechanized rifle drilling, semi-automatics, and other technical improvements in weapons design, the industrial output of small arms was vastly increased during the 19th century.;Grâce à des inventions comme le fusil chargé par la culasse ou le semi-automatique, la production industrielle d'armes légères a considérablement augmenté au cours du XIXe siècle.;Während des neunzehnten Jahrhunderts erhöhte sich die industrielle Herstellung von Handfeuerwaffen durch die Erfindung von Hinterladern, mechanisierter Waffenlauffertigung, halbautomatischen Waffen und anderen technischen Neuerungen stark.;;Con la invención de los fusiles postcarga, el fresado mecanizado de fusiles, las semiautomáticas, y otras mejoras técnicas en el diseño de armas, se produjo un enorme incremento en la producción de armas ligeras durante el siglo XIX.;;;;;;;;;x;
ammunition_production_desc;The design and production of basic munitions saw much improvement over the course of the 19th century. Advances in weapons design -- from muzzle to breech loads to semi-automatics and machine guns -- naturally meant that the design and production of ammunition also had to follow suit.;La conception et la production de munitions de base ont connu une nette amélioration au cours du XIXe siècle. Les progrès de l'armement (des fusils chargés par le canon aux fusils chargés par la culasse, en passant par les armes semi-automatiques et les mitrailleuses) ont naturellement entraîné une amélioration de la conception et de la production de munitions.;Im Verlauf des neunzehnten Jahrhunderts wurde auch das Design und die Produktion von Standardmunition stark verbessert. Die Fortschritte bei der Waffenentwicklung -- von Vorder- zu Hinterladern und dann zu halbautomatischen Waffen und Maschinengewehren -- bedeuteten natürlich, dass Munitionsdesign und-herstellung Schritt halten mussten.;;El diseño y la producción de munición básica se vieron muy incrementados a lo largo del siglo XIX. Los avances en el diseño de armas (desde las cargas delanteras y traseras a las semiautomáticas y las ametralladoras) significaron, lógicamente, que el diseño y la producción de munición tuvieran también su correspondiente progreso.;;;;;;;;;x;
explosives_production_desc;The Victorian era witnessed tremendous advances in man's capacity for blowing things up. An era that had started with little more advanced than simple black powder would, at the end of it, have seen the advent of both plastic explosives and nitroglycerin.;Les explosifs ont connu de formidables progrès au cours de l'ère victorienne qui a débuté avec la poudre à canon pour se terminer avec l'avènement du plastic et de la nitroglycérine.;Das viktorianische Zeitalter war Schauplatz gewaltiger Fortschritte der Menschen dabei, Sachen in die Luft zu jagen. Zu Beginn dieser Ära wurde noch mit einfachem Schwarzpulver hantiert, bei ihrem Ende gab es Plastiksprengstoffe und Nitroglyzerin.;;La era victoriana fue testigo de tremendos avances en la capacidad del ser humano para hacer explotar cosas. Una era que había empezado con poco más avance que la simple pólvora negra, acabaría contemplando la aparición tanto de los explosivos plásticos como de la nitroglicerina.;;;;;;;;;x;
artillery_production_desc;The Industrial Revolution of the 19th century affected practically all areas of human endeavour, and the production of artillery was no exception. What had previously been a lengthy process of cast molding bronze cannons would -- in the hands of luminaries of the industry, such as Alfred Krupp or Hiram Maxim -- become an industrialized and exact sience.;La révolution industrielle du XIXe siècle a eu des répercussions sur d'innombrables domaines, notamment la production de pièces d'artillerie. Grâce à des sommités comme Alfred Krupp ou Hiram Maxim, la production d'armes devint une science industrialisée et exacte.;Die industrielle Revolution des neunzehnten Jahrhundert beeinflusste praktisch alle Bereiche des menschlichen Strebens, und die Herstellung von Artilleriegeschützen stellte da keine Ausnahme dar. Was anfangs noch ein mühsames Gußverfahren war, wurde durch industrielle Lichtgestalten wie Alfred Krupp oder Hiram Maxim zu einer industrialisierten und präzisen Wissenschaft.;;La revolución industrial del siglo XIX afectó prácticamente a todas las áreas del esfuerzo humano, y la producción de artillería no fue una excepción. Lo que previamente había sido un largo proceso de fabricación por molde de cañones de bronce acabaría convirtiéndose (en manos de luminarias de la industria, como Alfred Krupp o Hiram Maxim) en una ciencia industrializada y exacta.;;;;;;;;;x;
PO_PD_70;You have won a devastating victory, and can expect the fulfillment of several war goals in a peace settlement.;Vous avez remporté une écrasante victoire et pouvez espérer atteindre plusieurs objectifs de guerre lors des négociations de paix.;Sie haben einen verheerenden Sieg errungen, und in den Friedensverhandlungen können Sie die volle Erfüllung mehrerer Kriegsziele erwarten.;;Has logrado una victoria aplastante y puedes contar alcanzar varios objetivos bélicos en el acuerdo de paz.;;;;;;;;;x;
PO_PD_40;You have won a total victory, and should demand the fulfillment of at least one major war goal in a peace settlement.;Vous avez remporté une victoire totale et devez exiger l'application d'au moins un objectif de guerre lors des négociations de paix.;Sie haben einen totalen Sieg errungen, und in den Friedensverhandlungen können Sie die volle Erfüllung mindestens eines großen Kriegsziels erwarten.;;Has conseguido una victoria total, y deberías exigir que se cumpla, como mínimo, un objetivo bélico principal en el acuerdo de paz.;;;;;;;;;x;
PO_PD_10;You have won a victory. The enemy would most likely accept a white peace, or the fulfillment of at least a limited war goal in a peace settlement.;Vous avez remporté une victoire. L'ennemi acceptera certainement une paix blanche ou vous concédera au moins un objectif de guerre limité lors des négociations de paix.;Sie haben gesiegt. Der Feind wird in den Friedensverhandlungen mit größter Wahrscheinlichkeit wohl einen weißen Frieden oder die Erfüllung eines eingeschränkten Kriegsziels akzeptieren.;;Has obtenido la victoria. Probablemente, el enemigo aceptaría un cese de hostilidades, o el cumplimiento de, al menos, un objetivo bélico limitado en un acuerdo de paz.;;;;;;;;;x;
PO_PD_NEG_25;The enemy has won, and we should consider offering the fulfillment of at least a limited war goal of theirs in exchange for peace.;L'ennemi a gagné. Nous devons donc envisager de lui concéder au moins un de ses objectifs de guerre limités en échange de la paix.;Der Feind hat gewonnen, und wir sollten mit dem Gedanken spielen, im Gegenzug für den Frieden mindestens ein eingeschränktes Kriegsziel zu erfüllen.;;El enemigo ha ganado, y deberíamos pensar en ofrecerle, al menos, uno de sus objetivos bélicos limitados a cambio de la paz.;;;;;;;;;x;
PO_PD_NEG_60;The enemy has won a total victory, and we should consider offering them the fulfillment of at least one of their major war goals.;L'ennemi a remporté une victoire totale. Nous devons donc envisager de lui concéder au moins un de ses principaux objectifs de guerre.;Der Feind hat einen totalen Sieg erzielt, und wir sollten mit dem Gedanken spielen, im Gegenzug für den Frieden die Erfüllung mindestens eines großen Kriegsziels anzubieten.;;El enemigo ha conseguido una victoria total y deberíamos pensar en ofrecerle, como mínimo, uno de sus objetivos bélicos principales.;;;;;;;;;x;
PO_PD_NEG_99;The enemy has won a devastating victory, and we can expect them to demand the fulfillment of several war goals in the peace negotiations.;L'ennemi a remporté une victoire écrasante. Il risque de nous demander de concéder plusieurs objectifs de guerre lors des négociations de paix.;Der Feind hat einen verheerenden Sieg erzielt, und wir können damit rechnen, dass sie in den Friedensverhandlungen die Erfüllung mehrerer Kriegsziele verlangen werden.;;El enemigo ha conseguido una victoria aplastante, y podemos contar con que nos exija el cumplimiento de varios objetivos bélicos durante las negociaciones de paz.;;;;;;;;;x;
TOPBAR_AT_WAR_WITH;At war with §Y$COUNTRY$§W;En guerre contre §Y$COUNTRY$§W;Im Krieg mit §Y$COUNTRY$§W;;En guerra con §Y$COUNTRY$§W;;;;;;;;;x;
