# From;To;Type;Through;Data;Comment

# Straights
304;313;sea;326;0;Oases Crossings
312;313;sea;326;0;Oases Crossings
311;313;sea;326;0;Oases Crossings
309;314;sea;327;0;Oases Crossings
310;314;sea;327;0;Oases Crossings
308;315;sea;327;0;Oases Crossings
314;316;sea;327;0;Oases Crossings
315;316;sea;327;0;Oases Crossings
314;315;sea;327;0;Oases Crossings
276;318;sea;322;0;Oases Crossings
278;318;sea;322;0;Oases Crossings
279;319;sea;323;0;Oases Crossings
281;319;sea;323;0;Oases Crossings
283;319;sea;323;0;Oases Crossings
288;320;sea;324;0;Oases Crossings
290;320;sea;324;0;Oases Crossings
294;321;sea;325;0;Oases Crossings
317;318;sea;332;0;Oases Crossings
317;320;sea;328;0;Oases Crossings
317;321;sea;333;0;Oases Crossings
738;753;sea;1081;0;Anduin Crossing
735;754;sea;1082;0;Anduin Crossing
9;10;sea;1092;0;Anduin Crossing
200;10;sea;1092;0;Anduin Crossing
14;198;sea;1093;0;Anduin Crossing
51;50;sea;1099;0;Anduin Crossing
15;50;sea;1099;0;Anduin Crossing
15;226;sea;1099;0;Anduin Crossing
826;905;sea;1131;0;Gwathlo Crossing
654;648;sea;1068;0;Celduin Crossing
526;646;sea;1069;0;Celduin Crossing
532;629;sea;1072;0;Celduin Crossing
544;622;sea;1074;0;Celduin Crossing

# Impassables
158;176;impassable;0;0;Andrast Mountains
158;174;impassable;0;0;Andrast Mountains
158;173;impassable;0;0;Andrast Mountains
158;185;impassable;0;0;Andrast Mountains
159;174;impassable;0;0;Andrast Mountains
159;173;impassable;0;0;Andrast Mountains
159;185;impassable;0;0;Andrast Mountains
160;173;impassable;0;0;Andrast Mountains
160;172;impassable;0;0;Andrast Mountains
160;20;impassable;0;0;Andrast Mountains
161;20;impassable;0;0;Andrast Mountains
161;164;impassable;0;0;Andrast Mountains
166;171;impassable;0;0;Andrast Mountains
167;171;impassable;0;0;Andrast Mountains
167;170;impassable;0;0;Andrast Mountains
168;170;impassable;0;0;Andrast Mountains
172;20;impassable;0;0;Andrast Mountains
177;185;impassable;0;0;Andrast Mountains
178;185;impassable;0;0;Andrast Mountains
178;191;impassable;0;0;Andrast Mountains
202;440;impassable;0;0;Ephel Dúath
202;439;impassable;0;0;Ephel Dúath
203;437;impassable;0;0;Ephel Dúath
203;439;impassable;0;0;Ephel Dúath
205;432;impassable;0;0;Ephel Dúath
207;432;impassable;0;0;Ephel Dúath
208;432;impassable;0;0;Ephel Dúath
208;408;impassable;0;0;Ephel Dúath
209;408;impassable;0;0;Ephel Dúath
211;408;impassable;0;0;Ephel Dúath
212;408;impassable;0;0;Ephel Dúath
215;408;impassable;0;0;Ephel Dúath
217;408;impassable;0;0;Ephel Dúath
217;407;impassable;0;0;Ephel Dúath
251;407;impassable;0;0;Ephel Dúath
252;407;impassable;0;0;Ephel Dúath
255;407;impassable;0;0;Ephel Dúath
341;407;impassable;0;0;Ephel Dúath
341;406;impassable;0;0;Ephel Dúath
342;406;impassable;0;0;Ephel Dúath
343;406;impassable;0;0;Ephel Dúath
344;406;impassable;0;0;Ephel Dúath
344;403;impassable;0;0;Ephel Dúath
375;403;impassable;0;0;Ephel Dúath
376;403;impassable;0;0;Ephel Dúath
376;402;impassable;0;0;Ephel Dúath
377;402;impassable;0;0;Ephel Dúath
379;402;impassable;0;0;Ephel Dúath
380;402;impassable;0;0;Ephel Dúath
202;453;impassable;0;0;Ephel Dúath
461;453;impassable;0;0;Ephel Dúath
460;453;impassable;0;0;Ephel Dúath
451;460;impassable;0;0;Ered Lithui
451;456;impassable;0;0;Ered Lithui
451;482;impassable;0;0;Ered Lithui
450;482;impassable;0;0;Ered Lithui
450;483;impassable;0;0;Ered Lithui
450;484;impassable;0;0;Ered Lithui
425;484;impassable;0;0;Ered Lithui
425;487;impassable;0;0;Ered Lithui
425;488;impassable;0;0;Ered Lithui
425;577;impassable;0;0;Ered Lithui
396;577;impassable;0;0;Ered Lithui
396;578;impassable;0;0;Ered Lithui
396;580;impassable;0;0;Ered Lithui
396;581;impassable;0;0;Ered Lithui
58;75;impassable;0;0;Ered Tarthonion
58;76;impassable;0;0;Ered Tarthonion
59;75;impassable;0;0;Ered Tarthonion
60;75;impassable;0;0;Ered Tarthonion
61;73;impassable;0;0;Ered Tarthonion
62;67;impassable;0;0;Ered Tarthonion
64;67;impassable;0;0;Ered Tarthonion
65;67;impassable;0;0;Ered Tarthonion
66;67;impassable;0;0;Ered Tarthonion
66;73;impassable;0;0;Ered Tarthonion
68;73;impassable;0;0;Ered Tarthonion
70;75;impassable;0;0;Ered Tarthonion
76;81;impassable;0;0;Ered Tarthonion
76;84;impassable;0;0;Ered Tarthonion
76;85;impassable;0;0;Ered Tarthonion
77;75;impassable;0;0;Ered Tarthonion
79;75;impassable;0;0;Ered Tarthonion
79;76;impassable;0;0;Ered Tarthonion
80;76;impassable;0;0;Ered Tarthonion
275;322;impassable;0;0;Haradwaith Desert
276;322;impassable;0;0;Haradwaith Desert
278;322;impassable;0;0;Haradwaith Desert
278;323;impassable;0;0;Haradwaith Desert
279;323;impassable;0;0;Haradwaith Desert
281;323;impassable;0;0;Haradwaith Desert
283;323;impassable;0;0;Haradwaith Desert
284;323;impassable;0;0;Haradwaith Desert
286;323;impassable;0;0;Haradwaith Desert
287;323;impassable;0;0;Haradwaith Desert
287;324;impassable;0;0;Haradwaith Desert
288;324;impassable;0;0;Haradwaith Desert
290;324;impassable;0;0;Haradwaith Desert
293;324;impassable;0;0;Haradwaith Desert
294;324;impassable;0;0;Haradwaith Desert
294;325;impassable;0;0;Haradwaith Desert
298;325;impassable;0;0;Haradwaith Desert
298;326;impassable;0;0;Haradwaith Desert
301;326;impassable;0;0;Haradwaith Desert
304;326;impassable;0;0;Haradwaith Desert
312;326;impassable;0;0;Haradwaith Desert
311;326;impassable;0;0;Haradwaith Desert
310;326;impassable;0;0;Haradwaith Desert
310;327;impassable;0;0;Haradwaith Desert
309;327;impassable;0;0;Haradwaith Desert
308;327;impassable;0;0;Haradwaith Desert
314;327;impassable;0;0;Haradwaith Desert
315;327;impassable;0;0;Haradwaith Desert
316;327;impassable;0;0;Haradwaith Desert
317;333;impassable;0;0;Haradwaith Desert
318;322;impassable;0;0;Haradwaith Desert
319;323;impassable;0;0;Haradwaith Desert
320;324;impassable;0;0;Haradwaith Desert
321;325;impassable;0;0;Haradwaith Desert
313;326;impassable;0;0;Haradwaith Desert
548;552;impassable;0;0;Pinnon Rhûn
548;551;impassable;0;0;Pinnon Rhûn
549;551;impassable;0;0;Pinnon Rhûn
550;551;impassable;0;0;Pinnon Rhûn
550;555;impassable;0;0;Pinnon Rhûn
1;87;impassable;0;0;Ered Nimrais
1;90;impassable;0;0;Ered Nimrais
5;87;impassable;0;0;Ered Nimrais
6;30;impassable;0;0;Ered Nimrais
6;31;impassable;0;0;Ered Nimrais
12;30;impassable;0;0;Ered Nimrais
12;22;impassable;0;0;Ered Nimrais
18;21;impassable;0;0;Ered Nimrais
18;22;impassable;0;0;Ered Nimrais
18;23;impassable;0;0;Ered Nimrais
116;195;impassable;0;0;Ered Nimrais
180;192;impassable;0;0;Ered Nimrais
180;193;impassable;0;0;Ered Nimrais
180;194;impassable;0;0;Ered Nimrais
181;194;impassable;0;0;Ered Nimrais
181;195;impassable;0;0;Ered Nimrais
678;688;impassable;0;0;Ered Mithrin
678;689;impassable;0;0;Ered Mithrin
678;657;impassable;0;0;Ered Mithrin
678;658;impassable;0;0;Ered Mithrin
678;659;impassable;0;0;Ered Mithrin
659;671;impassable;0;0;Ered Mithrin
675;674;impassable;0;0;Ered Mithrin
675;676;impassable;0;0;Ered Mithrin
680;676;impassable;0;0;Ered Mithrin
680;679;impassable;0;0;Ered Mithrin
680;681;impassable;0;0;Ered Mithrin
680;683;impassable;0;0;Ered Mithrin
679;688;impassable;0;0;Ered Mithrin
679;687;impassable;0;0;Ered Mithrin
681;687;impassable;0;0;Ered Mithrin
681;686;impassable;0;0;Ered Mithrin
684;686;impassable;0;0;Ered Mithrin
742;683;impassable;0;0;Ered Mithrin
743;683;impassable;0;0;Ered Mithrin
90;788;impassable;0;0;Ered Nimrais
91;788;impassable;0;0;Ered Nimrais
94;789;impassable;0;0;Ered Nimrais
108;789;impassable;0;0;Ered Nimrais
108;790;impassable;0;0;Ered Nimrais
109;790;impassable;0;0;Ered Nimrais
109;796;impassable;0;0;Ered Nimrais
116;796;impassable;0;0;Ered Nimrais
116;797;impassable;0;0;Ered Nimrais
116;807;impassable;0;0;Ered Nimrais
770;813;impassable;0;0;Misty Mountains
771;813;impassable;0;0;Misty Mountains
771;812;impassable;0;0;Misty Mountains
772;812;impassable;0;0;Misty Mountains
803;812;impassable;0;0;Misty Mountains
805;812;impassable;0;0;Misty Mountains
815;812;impassable;0;0;Misty Mountains
833;812;impassable;0;0;Misty Mountains
832;812;impassable;0;0;Misty Mountains
833;813;impassable;0;0;Misty Mountains
834;813;impassable;0;0;Misty Mountains
835;813;impassable;0;0;Misty Mountains
839;813;impassable;0;0;Misty Mountains
839;841;impassable;0;0;Misty Mountains
840;841;impassable;0;0;Misty Mountains
770;841;impassable;0;0;Misty Mountains
769;841;impassable;0;0;Misty Mountains
762;841;impassable;0;0;Misty Mountains
761;843;impassable;0;0;Misty Mountains
762;843;impassable;0;0;Misty Mountains
760;843;impassable;0;0;Misty Mountains
760;846;impassable;0;0;Misty Mountains
759;846;impassable;0;0;Misty Mountains
756;846;impassable;0;0;Misty Mountains
756;847;impassable;0;0;Misty Mountains
754;847;impassable;0;0;Misty Mountains
753;847;impassable;0;0;Misty Mountains
753;849;impassable;0;0;Misty Mountains
753;850;impassable;0;0;Misty Mountains
753;850;impassable;0;0;Misty Mountains
752;850;impassable;0;0;Misty Mountains
751;850;impassable;0;0;Misty Mountains
750;850;impassable;0;0;Misty Mountains
749;850;impassable;0;0;Misty Mountains
748;850;impassable;0;0;Misty Mountains
747;850;impassable;0;0;Misty Mountains
873;841;impassable;0;0;Misty Mountains
870;844;impassable;0;0;Misty Mountains
870;845;impassable;0;0;Misty Mountains
869;845;impassable;0;0;Misty Mountains
867;845;impassable;0;0;Misty Mountains
867;847;impassable;0;0;Misty Mountains
866;847;impassable;0;0;Misty Mountains
865;847;impassable;0;0;Misty Mountains
858;849;impassable;0;0;Misty Mountains
858;851;impassable;0;0;Misty Mountains
857;851;impassable;0;0;Misty Mountains
852;851;impassable;0;0;Misty Mountains
915;917;impassable;0;0;Ered Luin
920;919;impassable;0;0;Ered Luin
921;919;impassable;0;0;Ered Luin
922;919;impassable;0;0;Ered Luin
922;918;impassable;0;0;Ered Luin
928;918;impassable;0;0;Ered Luin
929;918;impassable;0;0;Ered Luin
930;918;impassable;0;0;Ered Luin
931;918;impassable;0;0;Ered Luin
936;947;impassable;0;0;Ered Luin
938;947;impassable;0;0;Ered Luin
950;947;impassable;0;0;Ered Luin
938;946;impassable;0;0;Ered Luin
939;946;impassable;0;0;Ered Luin
950;946;impassable;0;0;Ered Luin
939;945;impassable;0;0;Ered Luin
940;945;impassable;0;0;Ered Luin
950;945;impassable;0;0;Ered Luin
950;944;impassable;0;0;Ered Luin
951;944;impassable;0;0;Ered Luin
951;943;impassable;0;0;Ered Luin
950;943;impassable;0;0;Ered Luin
940;943;impassable;0;0;Ered Luin
964;971;impassable;0;0;Ered Luin
965;971;impassable;0;0;Ered Luin
966;971;impassable;0;0;Ered Luin
972;971;impassable;0;0;Ered Luin
974;971;impassable;0;0;Ered Luin
974;970;impassable;0;0;Ered Luin
966;970;impassable;0;0;Ered Luin
974;969;impassable;0;0;Ered Luin
966;969;impassable;0;0;Ered Luin
974;968;impassable;0;0;Ered Luin
988;986;impassable;0;0;Mountains of Angmar
985;986;impassable;0;0;Mountains of Angmar
989;986;impassable;0;0;Mountains of Angmar
989;994;impassable;0;0;Mountains of Angmar
990;994;impassable;0;0;Mountains of Angmar
993;994;impassable;0;0;Mountains of Angmar
985;994;impassable;0;0;Mountains of Angmar
997;994;impassable;0;0;Mountains of Angmar
996;994;impassable;0;0;Mountains of Angmar
991;995;impassable;0;0;Mountains of Angmar
992;995;impassable;0;0;Mountains of Angmar
746;995;impassable;0;0;Mountains of Angmar
747;995;impassable;0;0;Mountains of Angmar
996;995;impassable;0;0;Mountains of Angmar
1000;999;impassable;0;0;Mountains of Angmar
852;999;impassable;0;0;Mountains of Angmar
854;999;impassable;0;0;Mountains of Angmar
978;1063;impassable;0;0;Northern Wastes
979;1063;impassable;0;0;Northern Wastes
979;1056;impassable;0;0;Northern Wastes
979;1062;impassable;0;0;Northern Wastes
988;1062;impassable;0;0;Northern Wastes
988;1050;impassable;0;0;Northern Wastes
989;1050;impassable;0;0;Northern Wastes
680;1050;impassable;0;0;Northern Wastes
680;1049;impassable;0;0;Northern Wastes
680;1048;impassable;0;0;Northern Wastes
675;1048;impassable;0;0;Northern Wastes
672;1048;impassable;0;0;Northern Wastes
672;1047;impassable;0;0;Northern Wastes
662;1047;impassable;0;0;Northern Wastes
663;1047;impassable;0;0;Northern Wastes
665;1047;impassable;0;0;Northern Wastes
665;1046;impassable;0;0;Northern Wastes
666;1046;impassable;0;0;Northern Wastes
666;1045;impassable;0;0;Northern Wastes
666;1044;impassable;0;0;Northern Wastes
615;1044;impassable;0;0;Northern Wastes
615;1043;impassable;0;0;Northern Wastes
615;1042;impassable;0;0;Northern Wastes
613;1042;impassable;0;0;Northern Wastes
612;1065;impassable;0;0;Northern Wastes
613;1065;impassable;0;0;Northern Wastes
327;1124;impassable;0;0;Map Edge
308;1124;impassable;0;0;Map Edge
307;1124;impassable;0;0;Map Edge
306;1124;impassable;0;0;Map Edge
364;1124;impassable;0;0;Map Edge
364;1126;impassable;0;0;Map Edge
365;1126;impassable;0;0;Map Edge
365;1138;impassable;0;0;Map Edge
384;1138;impassable;0;0;Map Edge
388;1138;impassable;0;0;Map Edge
389;1138;impassable;0;0;Map Edge
588;1138;impassable;0;0;Map Edge
588;1142;impassable;0;0;Map Edge
589;1142;impassable;0;0;Map Edge
590;1142;impassable;0;0;Map Edge
591;1142;impassable;0;0;Map Edge
592;1142;impassable;0;0;Map Edge
603;1142;impassable;0;0;Map Edge
609;1142;impassable;0;0;Map Edge
609;1144;impassable;0;0;Map Edge
610;1144;impassable;0;0;Map Edge
610;1145;impassable;0;0;Map Edge
612;1145;impassable;0;0;Map Edge
1065;1145;impassable;0;0;Map Edge
1065;1146;impassable;0;0;Map Edge
1064;1146;impassable;0;0;Map Edge
1147;1063;impassable;0;0;Map Edge
1090;1091;impassable;0;0;Falls of Rauros
5;31;impassable;0;0;White Mountains
61;67;impassable;0;0;Ered Tarthonion
1;1060;impassable;0;0;Utility Tag Adjacencies
2;1060;impassable;0;0;Utility Tag Adjacencies
3;1060;impassable;0;0;Utility Tag Adjacencies
4;1060;impassable;0;0;Utility Tag Adjacencies
5;1060;impassable;0;0;Utility Tag Adjacencies
6;1060;impassable;0;0;Utility Tag Adjacencies
7;1060;impassable;0;0;Utility Tag Adjacencies
8;1060;impassable;0;0;Utility Tag Adjacencies
9;1060;impassable;0;0;Utility Tag Adjacencies
10;1060;impassable;0;0;Utility Tag Adjacencies
11;1060;impassable;0;0;Utility Tag Adjacencies
12;1060;impassable;0;0;Utility Tag Adjacencies
13;1060;impassable;0;0;Utility Tag Adjacencies
14;1060;impassable;0;0;Utility Tag Adjacencies
15;1060;impassable;0;0;Utility Tag Adjacencies
16;1060;impassable;0;0;Utility Tag Adjacencies
17;1060;impassable;0;0;Utility Tag Adjacencies
18;1060;impassable;0;0;Utility Tag Adjacencies
19;1060;impassable;0;0;Utility Tag Adjacencies
20;1060;impassable;0;0;Utility Tag Adjacencies
21;1060;impassable;0;0;Utility Tag Adjacencies
22;1060;impassable;0;0;Utility Tag Adjacencies
23;1060;impassable;0;0;Utility Tag Adjacencies
24;1060;impassable;0;0;Utility Tag Adjacencies
25;1060;impassable;0;0;Utility Tag Adjacencies
26;1060;impassable;0;0;Utility Tag Adjacencies
27;1060;impassable;0;0;Utility Tag Adjacencies
28;1060;impassable;0;0;Utility Tag Adjacencies
29;1060;impassable;0;0;Utility Tag Adjacencies
30;1060;impassable;0;0;Utility Tag Adjacencies
31;1060;impassable;0;0;Utility Tag Adjacencies
32;1060;impassable;0;0;Utility Tag Adjacencies
33;1060;impassable;0;0;Utility Tag Adjacencies
34;1060;impassable;0;0;Utility Tag Adjacencies
35;1060;impassable;0;0;Utility Tag Adjacencies
36;1060;impassable;0;0;Utility Tag Adjacencies
37;1060;impassable;0;0;Utility Tag Adjacencies
38;1060;impassable;0;0;Utility Tag Adjacencies
39;1060;impassable;0;0;Utility Tag Adjacencies
40;1060;impassable;0;0;Utility Tag Adjacencies
41;1060;impassable;0;0;Utility Tag Adjacencies
42;1060;impassable;0;0;Utility Tag Adjacencies
43;1060;impassable;0;0;Utility Tag Adjacencies
44;1060;impassable;0;0;Utility Tag Adjacencies
45;1060;impassable;0;0;Utility Tag Adjacencies
46;1060;impassable;0;0;Utility Tag Adjacencies
47;1060;impassable;0;0;Utility Tag Adjacencies
48;1060;impassable;0;0;Utility Tag Adjacencies
49;1060;impassable;0;0;Utility Tag Adjacencies
50;1060;impassable;0;0;Utility Tag Adjacencies
51;1060;impassable;0;0;Utility Tag Adjacencies
52;1060;impassable;0;0;Utility Tag Adjacencies
53;1060;impassable;0;0;Utility Tag Adjacencies
54;1060;impassable;0;0;Utility Tag Adjacencies
55;1060;impassable;0;0;Utility Tag Adjacencies
56;1060;impassable;0;0;Utility Tag Adjacencies
57;1060;impassable;0;0;Utility Tag Adjacencies
58;1060;impassable;0;0;Utility Tag Adjacencies
59;1060;impassable;0;0;Utility Tag Adjacencies
60;1060;impassable;0;0;Utility Tag Adjacencies
61;1060;impassable;0;0;Utility Tag Adjacencies
62;1060;impassable;0;0;Utility Tag Adjacencies
63;1060;impassable;0;0;Utility Tag Adjacencies
64;1060;impassable;0;0;Utility Tag Adjacencies
65;1060;impassable;0;0;Utility Tag Adjacencies
66;1060;impassable;0;0;Utility Tag Adjacencies
67;1060;impassable;0;0;Utility Tag Adjacencies
68;1060;impassable;0;0;Utility Tag Adjacencies
69;1060;impassable;0;0;Utility Tag Adjacencies
70;1060;impassable;0;0;Utility Tag Adjacencies
71;1060;impassable;0;0;Utility Tag Adjacencies
72;1060;impassable;0;0;Utility Tag Adjacencies
73;1060;impassable;0;0;Utility Tag Adjacencies
74;1060;impassable;0;0;Utility Tag Adjacencies
75;1060;impassable;0;0;Utility Tag Adjacencies
76;1060;impassable;0;0;Utility Tag Adjacencies
77;1060;impassable;0;0;Utility Tag Adjacencies
78;1060;impassable;0;0;Utility Tag Adjacencies
79;1060;impassable;0;0;Utility Tag Adjacencies
80;1060;impassable;0;0;Utility Tag Adjacencies
81;1060;impassable;0;0;Utility Tag Adjacencies
82;1060;impassable;0;0;Utility Tag Adjacencies
83;1060;impassable;0;0;Utility Tag Adjacencies
84;1060;impassable;0;0;Utility Tag Adjacencies
85;1060;impassable;0;0;Utility Tag Adjacencies
86;1060;impassable;0;0;Utility Tag Adjacencies
87;1060;impassable;0;0;Utility Tag Adjacencies
88;1060;impassable;0;0;Utility Tag Adjacencies
89;1060;impassable;0;0;Utility Tag Adjacencies
90;1060;impassable;0;0;Utility Tag Adjacencies
91;1060;impassable;0;0;Utility Tag Adjacencies
92;1060;impassable;0;0;Utility Tag Adjacencies
93;1060;impassable;0;0;Utility Tag Adjacencies
94;1060;impassable;0;0;Utility Tag Adjacencies
95;1060;impassable;0;0;Utility Tag Adjacencies
96;1060;impassable;0;0;Utility Tag Adjacencies
97;1060;impassable;0;0;Utility Tag Adjacencies
98;1060;impassable;0;0;Utility Tag Adjacencies
99;1060;impassable;0;0;Utility Tag Adjacencies
100;1060;impassable;0;0;Utility Tag Adjacencies
101;1060;impassable;0;0;Utility Tag Adjacencies
102;1060;impassable;0;0;Utility Tag Adjacencies
103;1060;impassable;0;0;Utility Tag Adjacencies
104;1060;impassable;0;0;Utility Tag Adjacencies
105;1060;impassable;0;0;Utility Tag Adjacencies
106;1060;impassable;0;0;Utility Tag Adjacencies
107;1060;impassable;0;0;Utility Tag Adjacencies
108;1060;impassable;0;0;Utility Tag Adjacencies
109;1060;impassable;0;0;Utility Tag Adjacencies
110;1060;impassable;0;0;Utility Tag Adjacencies
111;1060;impassable;0;0;Utility Tag Adjacencies
112;1060;impassable;0;0;Utility Tag Adjacencies
113;1060;impassable;0;0;Utility Tag Adjacencies
114;1060;impassable;0;0;Utility Tag Adjacencies
115;1060;impassable;0;0;Utility Tag Adjacencies
116;1060;impassable;0;0;Utility Tag Adjacencies
117;1060;impassable;0;0;Utility Tag Adjacencies
118;1060;impassable;0;0;Utility Tag Adjacencies
119;1060;impassable;0;0;Utility Tag Adjacencies
120;1060;impassable;0;0;Utility Tag Adjacencies
121;1060;impassable;0;0;Utility Tag Adjacencies
122;1060;impassable;0;0;Utility Tag Adjacencies
123;1060;impassable;0;0;Utility Tag Adjacencies
124;1060;impassable;0;0;Utility Tag Adjacencies
125;1060;impassable;0;0;Utility Tag Adjacencies
126;1060;impassable;0;0;Utility Tag Adjacencies
127;1060;impassable;0;0;Utility Tag Adjacencies
128;1060;impassable;0;0;Utility Tag Adjacencies
129;1060;impassable;0;0;Utility Tag Adjacencies
130;1060;impassable;0;0;Utility Tag Adjacencies
131;1060;impassable;0;0;Utility Tag Adjacencies
132;1060;impassable;0;0;Utility Tag Adjacencies
133;1060;impassable;0;0;Utility Tag Adjacencies
134;1060;impassable;0;0;Utility Tag Adjacencies
135;1060;impassable;0;0;Utility Tag Adjacencies
136;1060;impassable;0;0;Utility Tag Adjacencies
137;1060;impassable;0;0;Utility Tag Adjacencies
138;1060;impassable;0;0;Utility Tag Adjacencies
139;1060;impassable;0;0;Utility Tag Adjacencies
140;1060;impassable;0;0;Utility Tag Adjacencies
141;1060;impassable;0;0;Utility Tag Adjacencies
142;1060;impassable;0;0;Utility Tag Adjacencies
143;1060;impassable;0;0;Utility Tag Adjacencies
144;1060;impassable;0;0;Utility Tag Adjacencies
145;1060;impassable;0;0;Utility Tag Adjacencies
146;1060;impassable;0;0;Utility Tag Adjacencies
147;1060;impassable;0;0;Utility Tag Adjacencies
148;1060;impassable;0;0;Utility Tag Adjacencies
149;1060;impassable;0;0;Utility Tag Adjacencies
150;1060;impassable;0;0;Utility Tag Adjacencies
151;1060;impassable;0;0;Utility Tag Adjacencies
152;1060;impassable;0;0;Utility Tag Adjacencies
153;1060;impassable;0;0;Utility Tag Adjacencies
154;1060;impassable;0;0;Utility Tag Adjacencies
155;1060;impassable;0;0;Utility Tag Adjacencies
156;1060;impassable;0;0;Utility Tag Adjacencies
157;1060;impassable;0;0;Utility Tag Adjacencies
158;1060;impassable;0;0;Utility Tag Adjacencies
159;1060;impassable;0;0;Utility Tag Adjacencies
160;1060;impassable;0;0;Utility Tag Adjacencies
161;1060;impassable;0;0;Utility Tag Adjacencies
162;1060;impassable;0;0;Utility Tag Adjacencies
163;1060;impassable;0;0;Utility Tag Adjacencies
164;1060;impassable;0;0;Utility Tag Adjacencies
165;1060;impassable;0;0;Utility Tag Adjacencies
166;1060;impassable;0;0;Utility Tag Adjacencies
167;1060;impassable;0;0;Utility Tag Adjacencies
168;1060;impassable;0;0;Utility Tag Adjacencies
169;1060;impassable;0;0;Utility Tag Adjacencies
170;1060;impassable;0;0;Utility Tag Adjacencies
171;1060;impassable;0;0;Utility Tag Adjacencies
172;1060;impassable;0;0;Utility Tag Adjacencies
173;1060;impassable;0;0;Utility Tag Adjacencies
174;1060;impassable;0;0;Utility Tag Adjacencies
175;1060;impassable;0;0;Utility Tag Adjacencies
176;1060;impassable;0;0;Utility Tag Adjacencies
177;1060;impassable;0;0;Utility Tag Adjacencies
178;1060;impassable;0;0;Utility Tag Adjacencies
179;1060;impassable;0;0;Utility Tag Adjacencies
180;1060;impassable;0;0;Utility Tag Adjacencies
181;1060;impassable;0;0;Utility Tag Adjacencies
182;1060;impassable;0;0;Utility Tag Adjacencies
183;1060;impassable;0;0;Utility Tag Adjacencies
184;1060;impassable;0;0;Utility Tag Adjacencies
185;1060;impassable;0;0;Utility Tag Adjacencies
186;1060;impassable;0;0;Utility Tag Adjacencies
187;1060;impassable;0;0;Utility Tag Adjacencies
188;1060;impassable;0;0;Utility Tag Adjacencies
189;1060;impassable;0;0;Utility Tag Adjacencies
190;1060;impassable;0;0;Utility Tag Adjacencies
191;1060;impassable;0;0;Utility Tag Adjacencies
192;1060;impassable;0;0;Utility Tag Adjacencies
193;1060;impassable;0;0;Utility Tag Adjacencies
194;1060;impassable;0;0;Utility Tag Adjacencies
195;1060;impassable;0;0;Utility Tag Adjacencies
196;1060;impassable;0;0;Utility Tag Adjacencies
197;1060;impassable;0;0;Utility Tag Adjacencies
198;1060;impassable;0;0;Utility Tag Adjacencies
199;1060;impassable;0;0;Utility Tag Adjacencies
200;1060;impassable;0;0;Utility Tag Adjacencies
201;1060;impassable;0;0;Utility Tag Adjacencies
202;1060;impassable;0;0;Utility Tag Adjacencies
203;1060;impassable;0;0;Utility Tag Adjacencies
204;1060;impassable;0;0;Utility Tag Adjacencies
205;1060;impassable;0;0;Utility Tag Adjacencies
206;1060;impassable;0;0;Utility Tag Adjacencies
207;1060;impassable;0;0;Utility Tag Adjacencies
208;1060;impassable;0;0;Utility Tag Adjacencies
209;1060;impassable;0;0;Utility Tag Adjacencies
210;1060;impassable;0;0;Utility Tag Adjacencies
211;1060;impassable;0;0;Utility Tag Adjacencies
212;1060;impassable;0;0;Utility Tag Adjacencies
213;1060;impassable;0;0;Utility Tag Adjacencies
214;1060;impassable;0;0;Utility Tag Adjacencies
215;1060;impassable;0;0;Utility Tag Adjacencies
216;1060;impassable;0;0;Utility Tag Adjacencies
217;1060;impassable;0;0;Utility Tag Adjacencies
218;1060;impassable;0;0;Utility Tag Adjacencies
219;1060;impassable;0;0;Utility Tag Adjacencies
220;1060;impassable;0;0;Utility Tag Adjacencies
221;1060;impassable;0;0;Utility Tag Adjacencies
222;1060;impassable;0;0;Utility Tag Adjacencies
223;1060;impassable;0;0;Utility Tag Adjacencies
224;1060;impassable;0;0;Utility Tag Adjacencies
225;1060;impassable;0;0;Utility Tag Adjacencies
226;1060;impassable;0;0;Utility Tag Adjacencies
227;1060;impassable;0;0;Utility Tag Adjacencies
228;1060;impassable;0;0;Utility Tag Adjacencies
229;1060;impassable;0;0;Utility Tag Adjacencies
230;1060;impassable;0;0;Utility Tag Adjacencies
231;1060;impassable;0;0;Utility Tag Adjacencies
232;1060;impassable;0;0;Utility Tag Adjacencies
233;1060;impassable;0;0;Utility Tag Adjacencies
234;1060;impassable;0;0;Utility Tag Adjacencies
235;1060;impassable;0;0;Utility Tag Adjacencies
236;1060;impassable;0;0;Utility Tag Adjacencies
237;1060;impassable;0;0;Utility Tag Adjacencies
238;1060;impassable;0;0;Utility Tag Adjacencies
239;1060;impassable;0;0;Utility Tag Adjacencies
240;1060;impassable;0;0;Utility Tag Adjacencies
241;1060;impassable;0;0;Utility Tag Adjacencies
242;1060;impassable;0;0;Utility Tag Adjacencies
243;1060;impassable;0;0;Utility Tag Adjacencies
244;1060;impassable;0;0;Utility Tag Adjacencies
245;1060;impassable;0;0;Utility Tag Adjacencies
246;1060;impassable;0;0;Utility Tag Adjacencies
247;1060;impassable;0;0;Utility Tag Adjacencies
248;1060;impassable;0;0;Utility Tag Adjacencies
249;1060;impassable;0;0;Utility Tag Adjacencies
250;1060;impassable;0;0;Utility Tag Adjacencies
251;1060;impassable;0;0;Utility Tag Adjacencies
252;1060;impassable;0;0;Utility Tag Adjacencies
253;1060;impassable;0;0;Utility Tag Adjacencies
254;1060;impassable;0;0;Utility Tag Adjacencies
255;1060;impassable;0;0;Utility Tag Adjacencies
256;1060;impassable;0;0;Utility Tag Adjacencies
257;1060;impassable;0;0;Utility Tag Adjacencies
258;1060;impassable;0;0;Utility Tag Adjacencies
259;1060;impassable;0;0;Utility Tag Adjacencies
260;1060;impassable;0;0;Utility Tag Adjacencies
261;1060;impassable;0;0;Utility Tag Adjacencies
262;1060;impassable;0;0;Utility Tag Adjacencies
263;1060;impassable;0;0;Utility Tag Adjacencies
264;1060;impassable;0;0;Utility Tag Adjacencies
265;1060;impassable;0;0;Utility Tag Adjacencies
266;1060;impassable;0;0;Utility Tag Adjacencies
267;1060;impassable;0;0;Utility Tag Adjacencies
268;1060;impassable;0;0;Utility Tag Adjacencies
269;1060;impassable;0;0;Utility Tag Adjacencies
270;1060;impassable;0;0;Utility Tag Adjacencies
271;1060;impassable;0;0;Utility Tag Adjacencies
272;1060;impassable;0;0;Utility Tag Adjacencies
273;1060;impassable;0;0;Utility Tag Adjacencies
274;1060;impassable;0;0;Utility Tag Adjacencies
275;1060;impassable;0;0;Utility Tag Adjacencies
276;1060;impassable;0;0;Utility Tag Adjacencies
277;1060;impassable;0;0;Utility Tag Adjacencies
278;1060;impassable;0;0;Utility Tag Adjacencies
279;1060;impassable;0;0;Utility Tag Adjacencies
280;1060;impassable;0;0;Utility Tag Adjacencies
281;1060;impassable;0;0;Utility Tag Adjacencies
282;1060;impassable;0;0;Utility Tag Adjacencies
283;1060;impassable;0;0;Utility Tag Adjacencies
284;1060;impassable;0;0;Utility Tag Adjacencies
285;1060;impassable;0;0;Utility Tag Adjacencies
286;1060;impassable;0;0;Utility Tag Adjacencies
287;1060;impassable;0;0;Utility Tag Adjacencies
288;1060;impassable;0;0;Utility Tag Adjacencies
289;1060;impassable;0;0;Utility Tag Adjacencies
290;1060;impassable;0;0;Utility Tag Adjacencies
291;1060;impassable;0;0;Utility Tag Adjacencies
292;1060;impassable;0;0;Utility Tag Adjacencies
293;1060;impassable;0;0;Utility Tag Adjacencies
294;1060;impassable;0;0;Utility Tag Adjacencies
295;1060;impassable;0;0;Utility Tag Adjacencies
296;1060;impassable;0;0;Utility Tag Adjacencies
297;1060;impassable;0;0;Utility Tag Adjacencies
298;1060;impassable;0;0;Utility Tag Adjacencies
299;1060;impassable;0;0;Utility Tag Adjacencies
300;1060;impassable;0;0;Utility Tag Adjacencies
301;1060;impassable;0;0;Utility Tag Adjacencies
302;1060;impassable;0;0;Utility Tag Adjacencies
303;1060;impassable;0;0;Utility Tag Adjacencies
304;1060;impassable;0;0;Utility Tag Adjacencies
305;1060;impassable;0;0;Utility Tag Adjacencies
306;1060;impassable;0;0;Utility Tag Adjacencies
307;1060;impassable;0;0;Utility Tag Adjacencies
308;1060;impassable;0;0;Utility Tag Adjacencies
309;1060;impassable;0;0;Utility Tag Adjacencies
310;1060;impassable;0;0;Utility Tag Adjacencies
311;1060;impassable;0;0;Utility Tag Adjacencies
312;1060;impassable;0;0;Utility Tag Adjacencies
313;1060;impassable;0;0;Utility Tag Adjacencies
314;1060;impassable;0;0;Utility Tag Adjacencies
315;1060;impassable;0;0;Utility Tag Adjacencies
316;1060;impassable;0;0;Utility Tag Adjacencies
317;1060;impassable;0;0;Utility Tag Adjacencies
318;1060;impassable;0;0;Utility Tag Adjacencies
319;1060;impassable;0;0;Utility Tag Adjacencies
320;1060;impassable;0;0;Utility Tag Adjacencies
321;1060;impassable;0;0;Utility Tag Adjacencies
322;1060;impassable;0;0;Utility Tag Adjacencies
323;1060;impassable;0;0;Utility Tag Adjacencies
324;1060;impassable;0;0;Utility Tag Adjacencies
325;1060;impassable;0;0;Utility Tag Adjacencies
326;1060;impassable;0;0;Utility Tag Adjacencies
327;1060;impassable;0;0;Utility Tag Adjacencies
328;1060;impassable;0;0;Utility Tag Adjacencies
329;1060;impassable;0;0;Utility Tag Adjacencies
330;1060;impassable;0;0;Utility Tag Adjacencies
331;1060;impassable;0;0;Utility Tag Adjacencies
332;1060;impassable;0;0;Utility Tag Adjacencies
333;1060;impassable;0;0;Utility Tag Adjacencies
334;1060;impassable;0;0;Utility Tag Adjacencies
335;1060;impassable;0;0;Utility Tag Adjacencies
336;1060;impassable;0;0;Utility Tag Adjacencies
337;1060;impassable;0;0;Utility Tag Adjacencies
338;1060;impassable;0;0;Utility Tag Adjacencies
339;1060;impassable;0;0;Utility Tag Adjacencies
340;1060;impassable;0;0;Utility Tag Adjacencies
341;1060;impassable;0;0;Utility Tag Adjacencies
342;1060;impassable;0;0;Utility Tag Adjacencies
343;1060;impassable;0;0;Utility Tag Adjacencies
344;1060;impassable;0;0;Utility Tag Adjacencies
345;1060;impassable;0;0;Utility Tag Adjacencies
346;1060;impassable;0;0;Utility Tag Adjacencies
347;1060;impassable;0;0;Utility Tag Adjacencies
348;1060;impassable;0;0;Utility Tag Adjacencies
349;1060;impassable;0;0;Utility Tag Adjacencies
350;1060;impassable;0;0;Utility Tag Adjacencies
351;1060;impassable;0;0;Utility Tag Adjacencies
352;1060;impassable;0;0;Utility Tag Adjacencies
353;1060;impassable;0;0;Utility Tag Adjacencies
354;1060;impassable;0;0;Utility Tag Adjacencies
355;1060;impassable;0;0;Utility Tag Adjacencies
356;1060;impassable;0;0;Utility Tag Adjacencies
357;1060;impassable;0;0;Utility Tag Adjacencies
358;1060;impassable;0;0;Utility Tag Adjacencies
359;1060;impassable;0;0;Utility Tag Adjacencies
360;1060;impassable;0;0;Utility Tag Adjacencies
361;1060;impassable;0;0;Utility Tag Adjacencies
362;1060;impassable;0;0;Utility Tag Adjacencies
363;1060;impassable;0;0;Utility Tag Adjacencies
364;1060;impassable;0;0;Utility Tag Adjacencies
365;1060;impassable;0;0;Utility Tag Adjacencies
366;1060;impassable;0;0;Utility Tag Adjacencies
367;1060;impassable;0;0;Utility Tag Adjacencies
368;1060;impassable;0;0;Utility Tag Adjacencies
369;1060;impassable;0;0;Utility Tag Adjacencies
370;1060;impassable;0;0;Utility Tag Adjacencies
371;1060;impassable;0;0;Utility Tag Adjacencies
372;1060;impassable;0;0;Utility Tag Adjacencies
373;1060;impassable;0;0;Utility Tag Adjacencies
374;1060;impassable;0;0;Utility Tag Adjacencies
375;1060;impassable;0;0;Utility Tag Adjacencies
376;1060;impassable;0;0;Utility Tag Adjacencies
377;1060;impassable;0;0;Utility Tag Adjacencies
378;1060;impassable;0;0;Utility Tag Adjacencies
379;1060;impassable;0;0;Utility Tag Adjacencies
380;1060;impassable;0;0;Utility Tag Adjacencies
381;1060;impassable;0;0;Utility Tag Adjacencies
382;1060;impassable;0;0;Utility Tag Adjacencies
383;1060;impassable;0;0;Utility Tag Adjacencies
384;1060;impassable;0;0;Utility Tag Adjacencies
385;1060;impassable;0;0;Utility Tag Adjacencies
386;1060;impassable;0;0;Utility Tag Adjacencies
387;1060;impassable;0;0;Utility Tag Adjacencies
388;1060;impassable;0;0;Utility Tag Adjacencies
389;1060;impassable;0;0;Utility Tag Adjacencies
390;1060;impassable;0;0;Utility Tag Adjacencies
391;1060;impassable;0;0;Utility Tag Adjacencies
392;1060;impassable;0;0;Utility Tag Adjacencies
393;1060;impassable;0;0;Utility Tag Adjacencies
394;1060;impassable;0;0;Utility Tag Adjacencies
395;1060;impassable;0;0;Utility Tag Adjacencies
396;1060;impassable;0;0;Utility Tag Adjacencies
397;1060;impassable;0;0;Utility Tag Adjacencies
398;1060;impassable;0;0;Utility Tag Adjacencies
399;1060;impassable;0;0;Utility Tag Adjacencies
400;1060;impassable;0;0;Utility Tag Adjacencies
401;1060;impassable;0;0;Utility Tag Adjacencies
402;1060;impassable;0;0;Utility Tag Adjacencies
403;1060;impassable;0;0;Utility Tag Adjacencies
404;1060;impassable;0;0;Utility Tag Adjacencies
405;1060;impassable;0;0;Utility Tag Adjacencies
406;1060;impassable;0;0;Utility Tag Adjacencies
407;1060;impassable;0;0;Utility Tag Adjacencies
408;1060;impassable;0;0;Utility Tag Adjacencies
409;1060;impassable;0;0;Utility Tag Adjacencies
410;1060;impassable;0;0;Utility Tag Adjacencies
411;1060;impassable;0;0;Utility Tag Adjacencies
412;1060;impassable;0;0;Utility Tag Adjacencies
413;1060;impassable;0;0;Utility Tag Adjacencies
414;1060;impassable;0;0;Utility Tag Adjacencies
415;1060;impassable;0;0;Utility Tag Adjacencies
416;1060;impassable;0;0;Utility Tag Adjacencies
417;1060;impassable;0;0;Utility Tag Adjacencies
418;1060;impassable;0;0;Utility Tag Adjacencies
419;1060;impassable;0;0;Utility Tag Adjacencies
420;1060;impassable;0;0;Utility Tag Adjacencies
421;1060;impassable;0;0;Utility Tag Adjacencies
422;1060;impassable;0;0;Utility Tag Adjacencies
423;1060;impassable;0;0;Utility Tag Adjacencies
424;1060;impassable;0;0;Utility Tag Adjacencies
425;1060;impassable;0;0;Utility Tag Adjacencies
426;1060;impassable;0;0;Utility Tag Adjacencies
427;1060;impassable;0;0;Utility Tag Adjacencies
428;1060;impassable;0;0;Utility Tag Adjacencies
429;1060;impassable;0;0;Utility Tag Adjacencies
430;1060;impassable;0;0;Utility Tag Adjacencies
431;1060;impassable;0;0;Utility Tag Adjacencies
432;1060;impassable;0;0;Utility Tag Adjacencies
433;1060;impassable;0;0;Utility Tag Adjacencies
434;1060;impassable;0;0;Utility Tag Adjacencies
435;1060;impassable;0;0;Utility Tag Adjacencies
436;1060;impassable;0;0;Utility Tag Adjacencies
437;1060;impassable;0;0;Utility Tag Adjacencies
438;1060;impassable;0;0;Utility Tag Adjacencies
439;1060;impassable;0;0;Utility Tag Adjacencies
440;1060;impassable;0;0;Utility Tag Adjacencies
441;1060;impassable;0;0;Utility Tag Adjacencies
442;1060;impassable;0;0;Utility Tag Adjacencies
443;1060;impassable;0;0;Utility Tag Adjacencies
444;1060;impassable;0;0;Utility Tag Adjacencies
445;1060;impassable;0;0;Utility Tag Adjacencies
446;1060;impassable;0;0;Utility Tag Adjacencies
447;1060;impassable;0;0;Utility Tag Adjacencies
448;1060;impassable;0;0;Utility Tag Adjacencies
449;1060;impassable;0;0;Utility Tag Adjacencies
450;1060;impassable;0;0;Utility Tag Adjacencies
451;1060;impassable;0;0;Utility Tag Adjacencies
452;1060;impassable;0;0;Utility Tag Adjacencies
453;1060;impassable;0;0;Utility Tag Adjacencies
454;1060;impassable;0;0;Utility Tag Adjacencies
455;1060;impassable;0;0;Utility Tag Adjacencies
456;1060;impassable;0;0;Utility Tag Adjacencies
457;1060;impassable;0;0;Utility Tag Adjacencies
458;1060;impassable;0;0;Utility Tag Adjacencies
459;1060;impassable;0;0;Utility Tag Adjacencies
460;1060;impassable;0;0;Utility Tag Adjacencies
461;1060;impassable;0;0;Utility Tag Adjacencies
462;1060;impassable;0;0;Utility Tag Adjacencies
463;1060;impassable;0;0;Utility Tag Adjacencies
464;1060;impassable;0;0;Utility Tag Adjacencies
465;1060;impassable;0;0;Utility Tag Adjacencies
466;1060;impassable;0;0;Utility Tag Adjacencies
467;1060;impassable;0;0;Utility Tag Adjacencies
468;1060;impassable;0;0;Utility Tag Adjacencies
469;1060;impassable;0;0;Utility Tag Adjacencies
470;1060;impassable;0;0;Utility Tag Adjacencies
471;1060;impassable;0;0;Utility Tag Adjacencies
472;1060;impassable;0;0;Utility Tag Adjacencies
473;1060;impassable;0;0;Utility Tag Adjacencies
474;1060;impassable;0;0;Utility Tag Adjacencies
475;1060;impassable;0;0;Utility Tag Adjacencies
476;1060;impassable;0;0;Utility Tag Adjacencies
477;1060;impassable;0;0;Utility Tag Adjacencies
478;1060;impassable;0;0;Utility Tag Adjacencies
479;1060;impassable;0;0;Utility Tag Adjacencies
480;1060;impassable;0;0;Utility Tag Adjacencies
481;1060;impassable;0;0;Utility Tag Adjacencies
482;1060;impassable;0;0;Utility Tag Adjacencies
483;1060;impassable;0;0;Utility Tag Adjacencies
484;1060;impassable;0;0;Utility Tag Adjacencies
485;1060;impassable;0;0;Utility Tag Adjacencies
486;1060;impassable;0;0;Utility Tag Adjacencies
487;1060;impassable;0;0;Utility Tag Adjacencies
488;1060;impassable;0;0;Utility Tag Adjacencies
489;1060;impassable;0;0;Utility Tag Adjacencies
490;1060;impassable;0;0;Utility Tag Adjacencies
491;1060;impassable;0;0;Utility Tag Adjacencies
492;1060;impassable;0;0;Utility Tag Adjacencies
493;1060;impassable;0;0;Utility Tag Adjacencies
494;1060;impassable;0;0;Utility Tag Adjacencies
495;1060;impassable;0;0;Utility Tag Adjacencies
496;1060;impassable;0;0;Utility Tag Adjacencies
497;1060;impassable;0;0;Utility Tag Adjacencies
498;1060;impassable;0;0;Utility Tag Adjacencies
499;1060;impassable;0;0;Utility Tag Adjacencies
500;1060;impassable;0;0;Utility Tag Adjacencies
501;1060;impassable;0;0;Utility Tag Adjacencies
502;1060;impassable;0;0;Utility Tag Adjacencies
503;1060;impassable;0;0;Utility Tag Adjacencies
504;1060;impassable;0;0;Utility Tag Adjacencies
505;1060;impassable;0;0;Utility Tag Adjacencies
506;1060;impassable;0;0;Utility Tag Adjacencies
507;1060;impassable;0;0;Utility Tag Adjacencies
508;1060;impassable;0;0;Utility Tag Adjacencies
509;1060;impassable;0;0;Utility Tag Adjacencies
510;1060;impassable;0;0;Utility Tag Adjacencies
511;1060;impassable;0;0;Utility Tag Adjacencies
512;1060;impassable;0;0;Utility Tag Adjacencies
513;1060;impassable;0;0;Utility Tag Adjacencies
514;1060;impassable;0;0;Utility Tag Adjacencies
515;1060;impassable;0;0;Utility Tag Adjacencies
516;1060;impassable;0;0;Utility Tag Adjacencies
517;1060;impassable;0;0;Utility Tag Adjacencies
518;1060;impassable;0;0;Utility Tag Adjacencies
519;1060;impassable;0;0;Utility Tag Adjacencies
520;1060;impassable;0;0;Utility Tag Adjacencies
521;1060;impassable;0;0;Utility Tag Adjacencies
522;1060;impassable;0;0;Utility Tag Adjacencies
523;1060;impassable;0;0;Utility Tag Adjacencies
524;1060;impassable;0;0;Utility Tag Adjacencies
525;1060;impassable;0;0;Utility Tag Adjacencies
526;1060;impassable;0;0;Utility Tag Adjacencies
527;1060;impassable;0;0;Utility Tag Adjacencies
528;1060;impassable;0;0;Utility Tag Adjacencies
529;1060;impassable;0;0;Utility Tag Adjacencies
530;1060;impassable;0;0;Utility Tag Adjacencies
531;1060;impassable;0;0;Utility Tag Adjacencies
532;1060;impassable;0;0;Utility Tag Adjacencies
533;1060;impassable;0;0;Utility Tag Adjacencies
534;1060;impassable;0;0;Utility Tag Adjacencies
535;1060;impassable;0;0;Utility Tag Adjacencies
536;1060;impassable;0;0;Utility Tag Adjacencies
537;1060;impassable;0;0;Utility Tag Adjacencies
538;1060;impassable;0;0;Utility Tag Adjacencies
539;1060;impassable;0;0;Utility Tag Adjacencies
540;1060;impassable;0;0;Utility Tag Adjacencies
541;1060;impassable;0;0;Utility Tag Adjacencies
542;1060;impassable;0;0;Utility Tag Adjacencies
543;1060;impassable;0;0;Utility Tag Adjacencies
544;1060;impassable;0;0;Utility Tag Adjacencies
545;1060;impassable;0;0;Utility Tag Adjacencies
546;1060;impassable;0;0;Utility Tag Adjacencies
547;1060;impassable;0;0;Utility Tag Adjacencies
548;1060;impassable;0;0;Utility Tag Adjacencies
549;1060;impassable;0;0;Utility Tag Adjacencies
550;1060;impassable;0;0;Utility Tag Adjacencies
551;1060;impassable;0;0;Utility Tag Adjacencies
552;1060;impassable;0;0;Utility Tag Adjacencies
553;1060;impassable;0;0;Utility Tag Adjacencies
554;1060;impassable;0;0;Utility Tag Adjacencies
555;1060;impassable;0;0;Utility Tag Adjacencies
556;1060;impassable;0;0;Utility Tag Adjacencies
557;1060;impassable;0;0;Utility Tag Adjacencies
558;1060;impassable;0;0;Utility Tag Adjacencies
559;1060;impassable;0;0;Utility Tag Adjacencies
560;1060;impassable;0;0;Utility Tag Adjacencies
561;1060;impassable;0;0;Utility Tag Adjacencies
562;1060;impassable;0;0;Utility Tag Adjacencies
563;1060;impassable;0;0;Utility Tag Adjacencies
564;1060;impassable;0;0;Utility Tag Adjacencies
565;1060;impassable;0;0;Utility Tag Adjacencies
566;1060;impassable;0;0;Utility Tag Adjacencies
567;1060;impassable;0;0;Utility Tag Adjacencies
568;1060;impassable;0;0;Utility Tag Adjacencies
569;1060;impassable;0;0;Utility Tag Adjacencies
570;1060;impassable;0;0;Utility Tag Adjacencies
571;1060;impassable;0;0;Utility Tag Adjacencies
572;1060;impassable;0;0;Utility Tag Adjacencies
573;1060;impassable;0;0;Utility Tag Adjacencies
574;1060;impassable;0;0;Utility Tag Adjacencies
575;1060;impassable;0;0;Utility Tag Adjacencies
576;1060;impassable;0;0;Utility Tag Adjacencies
577;1060;impassable;0;0;Utility Tag Adjacencies
578;1060;impassable;0;0;Utility Tag Adjacencies
579;1060;impassable;0;0;Utility Tag Adjacencies
580;1060;impassable;0;0;Utility Tag Adjacencies
581;1060;impassable;0;0;Utility Tag Adjacencies
582;1060;impassable;0;0;Utility Tag Adjacencies
583;1060;impassable;0;0;Utility Tag Adjacencies
584;1060;impassable;0;0;Utility Tag Adjacencies
585;1060;impassable;0;0;Utility Tag Adjacencies
586;1060;impassable;0;0;Utility Tag Adjacencies
587;1060;impassable;0;0;Utility Tag Adjacencies
588;1060;impassable;0;0;Utility Tag Adjacencies
589;1060;impassable;0;0;Utility Tag Adjacencies
590;1060;impassable;0;0;Utility Tag Adjacencies
591;1060;impassable;0;0;Utility Tag Adjacencies
592;1060;impassable;0;0;Utility Tag Adjacencies
593;1060;impassable;0;0;Utility Tag Adjacencies
594;1060;impassable;0;0;Utility Tag Adjacencies
595;1060;impassable;0;0;Utility Tag Adjacencies
596;1060;impassable;0;0;Utility Tag Adjacencies
597;1060;impassable;0;0;Utility Tag Adjacencies
598;1060;impassable;0;0;Utility Tag Adjacencies
599;1060;impassable;0;0;Utility Tag Adjacencies
600;1060;impassable;0;0;Utility Tag Adjacencies
601;1060;impassable;0;0;Utility Tag Adjacencies
602;1060;impassable;0;0;Utility Tag Adjacencies
603;1060;impassable;0;0;Utility Tag Adjacencies
604;1060;impassable;0;0;Utility Tag Adjacencies
605;1060;impassable;0;0;Utility Tag Adjacencies
606;1060;impassable;0;0;Utility Tag Adjacencies
607;1060;impassable;0;0;Utility Tag Adjacencies
608;1060;impassable;0;0;Utility Tag Adjacencies
609;1060;impassable;0;0;Utility Tag Adjacencies
610;1060;impassable;0;0;Utility Tag Adjacencies
611;1060;impassable;0;0;Utility Tag Adjacencies
612;1060;impassable;0;0;Utility Tag Adjacencies
613;1060;impassable;0;0;Utility Tag Adjacencies
614;1060;impassable;0;0;Utility Tag Adjacencies
615;1060;impassable;0;0;Utility Tag Adjacencies
616;1060;impassable;0;0;Utility Tag Adjacencies
617;1060;impassable;0;0;Utility Tag Adjacencies
618;1060;impassable;0;0;Utility Tag Adjacencies
619;1060;impassable;0;0;Utility Tag Adjacencies
620;1060;impassable;0;0;Utility Tag Adjacencies
621;1060;impassable;0;0;Utility Tag Adjacencies
622;1060;impassable;0;0;Utility Tag Adjacencies
623;1060;impassable;0;0;Utility Tag Adjacencies
624;1060;impassable;0;0;Utility Tag Adjacencies
625;1060;impassable;0;0;Utility Tag Adjacencies
626;1060;impassable;0;0;Utility Tag Adjacencies
627;1060;impassable;0;0;Utility Tag Adjacencies
628;1060;impassable;0;0;Utility Tag Adjacencies
629;1060;impassable;0;0;Utility Tag Adjacencies
630;1060;impassable;0;0;Utility Tag Adjacencies
631;1060;impassable;0;0;Utility Tag Adjacencies
632;1060;impassable;0;0;Utility Tag Adjacencies
633;1060;impassable;0;0;Utility Tag Adjacencies
634;1060;impassable;0;0;Utility Tag Adjacencies
635;1060;impassable;0;0;Utility Tag Adjacencies
636;1060;impassable;0;0;Utility Tag Adjacencies
637;1060;impassable;0;0;Utility Tag Adjacencies
638;1060;impassable;0;0;Utility Tag Adjacencies
639;1060;impassable;0;0;Utility Tag Adjacencies
640;1060;impassable;0;0;Utility Tag Adjacencies
641;1060;impassable;0;0;Utility Tag Adjacencies
642;1060;impassable;0;0;Utility Tag Adjacencies
643;1060;impassable;0;0;Utility Tag Adjacencies
644;1060;impassable;0;0;Utility Tag Adjacencies
645;1060;impassable;0;0;Utility Tag Adjacencies
646;1060;impassable;0;0;Utility Tag Adjacencies
647;1060;impassable;0;0;Utility Tag Adjacencies
648;1060;impassable;0;0;Utility Tag Adjacencies
649;1060;impassable;0;0;Utility Tag Adjacencies
650;1060;impassable;0;0;Utility Tag Adjacencies
651;1060;impassable;0;0;Utility Tag Adjacencies
652;1060;impassable;0;0;Utility Tag Adjacencies
653;1060;impassable;0;0;Utility Tag Adjacencies
654;1060;impassable;0;0;Utility Tag Adjacencies
655;1060;impassable;0;0;Utility Tag Adjacencies
656;1060;impassable;0;0;Utility Tag Adjacencies
657;1060;impassable;0;0;Utility Tag Adjacencies
658;1060;impassable;0;0;Utility Tag Adjacencies
659;1060;impassable;0;0;Utility Tag Adjacencies
660;1060;impassable;0;0;Utility Tag Adjacencies
661;1060;impassable;0;0;Utility Tag Adjacencies
662;1060;impassable;0;0;Utility Tag Adjacencies
663;1060;impassable;0;0;Utility Tag Adjacencies
664;1060;impassable;0;0;Utility Tag Adjacencies
665;1060;impassable;0;0;Utility Tag Adjacencies
666;1060;impassable;0;0;Utility Tag Adjacencies
667;1060;impassable;0;0;Utility Tag Adjacencies
668;1060;impassable;0;0;Utility Tag Adjacencies
669;1060;impassable;0;0;Utility Tag Adjacencies
670;1060;impassable;0;0;Utility Tag Adjacencies
671;1060;impassable;0;0;Utility Tag Adjacencies
672;1060;impassable;0;0;Utility Tag Adjacencies
673;1060;impassable;0;0;Utility Tag Adjacencies
674;1060;impassable;0;0;Utility Tag Adjacencies
675;1060;impassable;0;0;Utility Tag Adjacencies
676;1060;impassable;0;0;Utility Tag Adjacencies
677;1060;impassable;0;0;Utility Tag Adjacencies
678;1060;impassable;0;0;Utility Tag Adjacencies
679;1060;impassable;0;0;Utility Tag Adjacencies
680;1060;impassable;0;0;Utility Tag Adjacencies
681;1060;impassable;0;0;Utility Tag Adjacencies
682;1060;impassable;0;0;Utility Tag Adjacencies
683;1060;impassable;0;0;Utility Tag Adjacencies
684;1060;impassable;0;0;Utility Tag Adjacencies
685;1060;impassable;0;0;Utility Tag Adjacencies
686;1060;impassable;0;0;Utility Tag Adjacencies
687;1060;impassable;0;0;Utility Tag Adjacencies
688;1060;impassable;0;0;Utility Tag Adjacencies
689;1060;impassable;0;0;Utility Tag Adjacencies
690;1060;impassable;0;0;Utility Tag Adjacencies
691;1060;impassable;0;0;Utility Tag Adjacencies
692;1060;impassable;0;0;Utility Tag Adjacencies
693;1060;impassable;0;0;Utility Tag Adjacencies
694;1060;impassable;0;0;Utility Tag Adjacencies
695;1060;impassable;0;0;Utility Tag Adjacencies
696;1060;impassable;0;0;Utility Tag Adjacencies
697;1060;impassable;0;0;Utility Tag Adjacencies
698;1060;impassable;0;0;Utility Tag Adjacencies
699;1060;impassable;0;0;Utility Tag Adjacencies
700;1060;impassable;0;0;Utility Tag Adjacencies
701;1060;impassable;0;0;Utility Tag Adjacencies
702;1060;impassable;0;0;Utility Tag Adjacencies
703;1060;impassable;0;0;Utility Tag Adjacencies
704;1060;impassable;0;0;Utility Tag Adjacencies
705;1060;impassable;0;0;Utility Tag Adjacencies
706;1060;impassable;0;0;Utility Tag Adjacencies
707;1060;impassable;0;0;Utility Tag Adjacencies
708;1060;impassable;0;0;Utility Tag Adjacencies
709;1060;impassable;0;0;Utility Tag Adjacencies
710;1060;impassable;0;0;Utility Tag Adjacencies
711;1060;impassable;0;0;Utility Tag Adjacencies
712;1060;impassable;0;0;Utility Tag Adjacencies
713;1060;impassable;0;0;Utility Tag Adjacencies
714;1060;impassable;0;0;Utility Tag Adjacencies
715;1060;impassable;0;0;Utility Tag Adjacencies
716;1060;impassable;0;0;Utility Tag Adjacencies
717;1060;impassable;0;0;Utility Tag Adjacencies
718;1060;impassable;0;0;Utility Tag Adjacencies
719;1060;impassable;0;0;Utility Tag Adjacencies
720;1060;impassable;0;0;Utility Tag Adjacencies
721;1060;impassable;0;0;Utility Tag Adjacencies
722;1060;impassable;0;0;Utility Tag Adjacencies
723;1060;impassable;0;0;Utility Tag Adjacencies
724;1060;impassable;0;0;Utility Tag Adjacencies
725;1060;impassable;0;0;Utility Tag Adjacencies
726;1060;impassable;0;0;Utility Tag Adjacencies
727;1060;impassable;0;0;Utility Tag Adjacencies
728;1060;impassable;0;0;Utility Tag Adjacencies
729;1060;impassable;0;0;Utility Tag Adjacencies
730;1060;impassable;0;0;Utility Tag Adjacencies
731;1060;impassable;0;0;Utility Tag Adjacencies
732;1060;impassable;0;0;Utility Tag Adjacencies
733;1060;impassable;0;0;Utility Tag Adjacencies
734;1060;impassable;0;0;Utility Tag Adjacencies
735;1060;impassable;0;0;Utility Tag Adjacencies
736;1060;impassable;0;0;Utility Tag Adjacencies
737;1060;impassable;0;0;Utility Tag Adjacencies
738;1060;impassable;0;0;Utility Tag Adjacencies
739;1060;impassable;0;0;Utility Tag Adjacencies
740;1060;impassable;0;0;Utility Tag Adjacencies
741;1060;impassable;0;0;Utility Tag Adjacencies
742;1060;impassable;0;0;Utility Tag Adjacencies
743;1060;impassable;0;0;Utility Tag Adjacencies
744;1060;impassable;0;0;Utility Tag Adjacencies
745;1060;impassable;0;0;Utility Tag Adjacencies
746;1060;impassable;0;0;Utility Tag Adjacencies
747;1060;impassable;0;0;Utility Tag Adjacencies
748;1060;impassable;0;0;Utility Tag Adjacencies
749;1060;impassable;0;0;Utility Tag Adjacencies
750;1060;impassable;0;0;Utility Tag Adjacencies
751;1060;impassable;0;0;Utility Tag Adjacencies
752;1060;impassable;0;0;Utility Tag Adjacencies
753;1060;impassable;0;0;Utility Tag Adjacencies
754;1060;impassable;0;0;Utility Tag Adjacencies
755;1060;impassable;0;0;Utility Tag Adjacencies
756;1060;impassable;0;0;Utility Tag Adjacencies
757;1060;impassable;0;0;Utility Tag Adjacencies
758;1060;impassable;0;0;Utility Tag Adjacencies
759;1060;impassable;0;0;Utility Tag Adjacencies
760;1060;impassable;0;0;Utility Tag Adjacencies
761;1060;impassable;0;0;Utility Tag Adjacencies
762;1060;impassable;0;0;Utility Tag Adjacencies
763;1060;impassable;0;0;Utility Tag Adjacencies
764;1060;impassable;0;0;Utility Tag Adjacencies
765;1060;impassable;0;0;Utility Tag Adjacencies
766;1060;impassable;0;0;Utility Tag Adjacencies
767;1060;impassable;0;0;Utility Tag Adjacencies
768;1060;impassable;0;0;Utility Tag Adjacencies
769;1060;impassable;0;0;Utility Tag Adjacencies
770;1060;impassable;0;0;Utility Tag Adjacencies
771;1060;impassable;0;0;Utility Tag Adjacencies
772;1060;impassable;0;0;Utility Tag Adjacencies
773;1060;impassable;0;0;Utility Tag Adjacencies
774;1060;impassable;0;0;Utility Tag Adjacencies
775;1060;impassable;0;0;Utility Tag Adjacencies
776;1060;impassable;0;0;Utility Tag Adjacencies
777;1060;impassable;0;0;Utility Tag Adjacencies
778;1060;impassable;0;0;Utility Tag Adjacencies
779;1060;impassable;0;0;Utility Tag Adjacencies
780;1060;impassable;0;0;Utility Tag Adjacencies
781;1060;impassable;0;0;Utility Tag Adjacencies
782;1060;impassable;0;0;Utility Tag Adjacencies
783;1060;impassable;0;0;Utility Tag Adjacencies
784;1060;impassable;0;0;Utility Tag Adjacencies
785;1060;impassable;0;0;Utility Tag Adjacencies
786;1060;impassable;0;0;Utility Tag Adjacencies
787;1060;impassable;0;0;Utility Tag Adjacencies
788;1060;impassable;0;0;Utility Tag Adjacencies
789;1060;impassable;0;0;Utility Tag Adjacencies
790;1060;impassable;0;0;Utility Tag Adjacencies
791;1060;impassable;0;0;Utility Tag Adjacencies
792;1060;impassable;0;0;Utility Tag Adjacencies
793;1060;impassable;0;0;Utility Tag Adjacencies
794;1060;impassable;0;0;Utility Tag Adjacencies
795;1060;impassable;0;0;Utility Tag Adjacencies
796;1060;impassable;0;0;Utility Tag Adjacencies
797;1060;impassable;0;0;Utility Tag Adjacencies
798;1060;impassable;0;0;Utility Tag Adjacencies
799;1060;impassable;0;0;Utility Tag Adjacencies
800;1060;impassable;0;0;Utility Tag Adjacencies
801;1060;impassable;0;0;Utility Tag Adjacencies
802;1060;impassable;0;0;Utility Tag Adjacencies
803;1060;impassable;0;0;Utility Tag Adjacencies
804;1060;impassable;0;0;Utility Tag Adjacencies
805;1060;impassable;0;0;Utility Tag Adjacencies
806;1060;impassable;0;0;Utility Tag Adjacencies
807;1060;impassable;0;0;Utility Tag Adjacencies
808;1060;impassable;0;0;Utility Tag Adjacencies
809;1060;impassable;0;0;Utility Tag Adjacencies
810;1060;impassable;0;0;Utility Tag Adjacencies
811;1060;impassable;0;0;Utility Tag Adjacencies
812;1060;impassable;0;0;Utility Tag Adjacencies
813;1060;impassable;0;0;Utility Tag Adjacencies
814;1060;impassable;0;0;Utility Tag Adjacencies
815;1060;impassable;0;0;Utility Tag Adjacencies
816;1060;impassable;0;0;Utility Tag Adjacencies
817;1060;impassable;0;0;Utility Tag Adjacencies
818;1060;impassable;0;0;Utility Tag Adjacencies
819;1060;impassable;0;0;Utility Tag Adjacencies
820;1060;impassable;0;0;Utility Tag Adjacencies
821;1060;impassable;0;0;Utility Tag Adjacencies
822;1060;impassable;0;0;Utility Tag Adjacencies
823;1060;impassable;0;0;Utility Tag Adjacencies
824;1060;impassable;0;0;Utility Tag Adjacencies
825;1060;impassable;0;0;Utility Tag Adjacencies
826;1060;impassable;0;0;Utility Tag Adjacencies
827;1060;impassable;0;0;Utility Tag Adjacencies
828;1060;impassable;0;0;Utility Tag Adjacencies
829;1060;impassable;0;0;Utility Tag Adjacencies
830;1060;impassable;0;0;Utility Tag Adjacencies
831;1060;impassable;0;0;Utility Tag Adjacencies
832;1060;impassable;0;0;Utility Tag Adjacencies
833;1060;impassable;0;0;Utility Tag Adjacencies
834;1060;impassable;0;0;Utility Tag Adjacencies
835;1060;impassable;0;0;Utility Tag Adjacencies
836;1060;impassable;0;0;Utility Tag Adjacencies
837;1060;impassable;0;0;Utility Tag Adjacencies
838;1060;impassable;0;0;Utility Tag Adjacencies
839;1060;impassable;0;0;Utility Tag Adjacencies
840;1060;impassable;0;0;Utility Tag Adjacencies
841;1060;impassable;0;0;Utility Tag Adjacencies
842;1060;impassable;0;0;Utility Tag Adjacencies
843;1060;impassable;0;0;Utility Tag Adjacencies
844;1060;impassable;0;0;Utility Tag Adjacencies
845;1060;impassable;0;0;Utility Tag Adjacencies
846;1060;impassable;0;0;Utility Tag Adjacencies
847;1060;impassable;0;0;Utility Tag Adjacencies
848;1060;impassable;0;0;Utility Tag Adjacencies
849;1060;impassable;0;0;Utility Tag Adjacencies
850;1060;impassable;0;0;Utility Tag Adjacencies
851;1060;impassable;0;0;Utility Tag Adjacencies
852;1060;impassable;0;0;Utility Tag Adjacencies
853;1060;impassable;0;0;Utility Tag Adjacencies
854;1060;impassable;0;0;Utility Tag Adjacencies
855;1060;impassable;0;0;Utility Tag Adjacencies
856;1060;impassable;0;0;Utility Tag Adjacencies
857;1060;impassable;0;0;Utility Tag Adjacencies
858;1060;impassable;0;0;Utility Tag Adjacencies
859;1060;impassable;0;0;Utility Tag Adjacencies
860;1060;impassable;0;0;Utility Tag Adjacencies
861;1060;impassable;0;0;Utility Tag Adjacencies
862;1060;impassable;0;0;Utility Tag Adjacencies
863;1060;impassable;0;0;Utility Tag Adjacencies
864;1060;impassable;0;0;Utility Tag Adjacencies
865;1060;impassable;0;0;Utility Tag Adjacencies
866;1060;impassable;0;0;Utility Tag Adjacencies
867;1060;impassable;0;0;Utility Tag Adjacencies
868;1060;impassable;0;0;Utility Tag Adjacencies
869;1060;impassable;0;0;Utility Tag Adjacencies
870;1060;impassable;0;0;Utility Tag Adjacencies
871;1060;impassable;0;0;Utility Tag Adjacencies
872;1060;impassable;0;0;Utility Tag Adjacencies
873;1060;impassable;0;0;Utility Tag Adjacencies
874;1060;impassable;0;0;Utility Tag Adjacencies
875;1060;impassable;0;0;Utility Tag Adjacencies
876;1060;impassable;0;0;Utility Tag Adjacencies
877;1060;impassable;0;0;Utility Tag Adjacencies
878;1060;impassable;0;0;Utility Tag Adjacencies
879;1060;impassable;0;0;Utility Tag Adjacencies
880;1060;impassable;0;0;Utility Tag Adjacencies
881;1060;impassable;0;0;Utility Tag Adjacencies
882;1060;impassable;0;0;Utility Tag Adjacencies
883;1060;impassable;0;0;Utility Tag Adjacencies
884;1060;impassable;0;0;Utility Tag Adjacencies
885;1060;impassable;0;0;Utility Tag Adjacencies
886;1060;impassable;0;0;Utility Tag Adjacencies
887;1060;impassable;0;0;Utility Tag Adjacencies
888;1060;impassable;0;0;Utility Tag Adjacencies
889;1060;impassable;0;0;Utility Tag Adjacencies
890;1060;impassable;0;0;Utility Tag Adjacencies
891;1060;impassable;0;0;Utility Tag Adjacencies
892;1060;impassable;0;0;Utility Tag Adjacencies
893;1060;impassable;0;0;Utility Tag Adjacencies
894;1060;impassable;0;0;Utility Tag Adjacencies
895;1060;impassable;0;0;Utility Tag Adjacencies
896;1060;impassable;0;0;Utility Tag Adjacencies
897;1060;impassable;0;0;Utility Tag Adjacencies
898;1060;impassable;0;0;Utility Tag Adjacencies
899;1060;impassable;0;0;Utility Tag Adjacencies
900;1060;impassable;0;0;Utility Tag Adjacencies
901;1060;impassable;0;0;Utility Tag Adjacencies
902;1060;impassable;0;0;Utility Tag Adjacencies
903;1060;impassable;0;0;Utility Tag Adjacencies
904;1060;impassable;0;0;Utility Tag Adjacencies
905;1060;impassable;0;0;Utility Tag Adjacencies
906;1060;impassable;0;0;Utility Tag Adjacencies
907;1060;impassable;0;0;Utility Tag Adjacencies
908;1060;impassable;0;0;Utility Tag Adjacencies
909;1060;impassable;0;0;Utility Tag Adjacencies
910;1060;impassable;0;0;Utility Tag Adjacencies
911;1060;impassable;0;0;Utility Tag Adjacencies
912;1060;impassable;0;0;Utility Tag Adjacencies
913;1060;impassable;0;0;Utility Tag Adjacencies
914;1060;impassable;0;0;Utility Tag Adjacencies
915;1060;impassable;0;0;Utility Tag Adjacencies
916;1060;impassable;0;0;Utility Tag Adjacencies
917;1060;impassable;0;0;Utility Tag Adjacencies
918;1060;impassable;0;0;Utility Tag Adjacencies
919;1060;impassable;0;0;Utility Tag Adjacencies
920;1060;impassable;0;0;Utility Tag Adjacencies
921;1060;impassable;0;0;Utility Tag Adjacencies
922;1060;impassable;0;0;Utility Tag Adjacencies
923;1060;impassable;0;0;Utility Tag Adjacencies
924;1060;impassable;0;0;Utility Tag Adjacencies
925;1060;impassable;0;0;Utility Tag Adjacencies
926;1060;impassable;0;0;Utility Tag Adjacencies
927;1060;impassable;0;0;Utility Tag Adjacencies
928;1060;impassable;0;0;Utility Tag Adjacencies
929;1060;impassable;0;0;Utility Tag Adjacencies
930;1060;impassable;0;0;Utility Tag Adjacencies
931;1060;impassable;0;0;Utility Tag Adjacencies
932;1060;impassable;0;0;Utility Tag Adjacencies
933;1060;impassable;0;0;Utility Tag Adjacencies
934;1060;impassable;0;0;Utility Tag Adjacencies
935;1060;impassable;0;0;Utility Tag Adjacencies
936;1060;impassable;0;0;Utility Tag Adjacencies
937;1060;impassable;0;0;Utility Tag Adjacencies
938;1060;impassable;0;0;Utility Tag Adjacencies
939;1060;impassable;0;0;Utility Tag Adjacencies
940;1060;impassable;0;0;Utility Tag Adjacencies
941;1060;impassable;0;0;Utility Tag Adjacencies
942;1060;impassable;0;0;Utility Tag Adjacencies
943;1060;impassable;0;0;Utility Tag Adjacencies
944;1060;impassable;0;0;Utility Tag Adjacencies
945;1060;impassable;0;0;Utility Tag Adjacencies
946;1060;impassable;0;0;Utility Tag Adjacencies
947;1060;impassable;0;0;Utility Tag Adjacencies
948;1060;impassable;0;0;Utility Tag Adjacencies
949;1060;impassable;0;0;Utility Tag Adjacencies
950;1060;impassable;0;0;Utility Tag Adjacencies
951;1060;impassable;0;0;Utility Tag Adjacencies
952;1060;impassable;0;0;Utility Tag Adjacencies
953;1060;impassable;0;0;Utility Tag Adjacencies
954;1060;impassable;0;0;Utility Tag Adjacencies
955;1060;impassable;0;0;Utility Tag Adjacencies
956;1060;impassable;0;0;Utility Tag Adjacencies
957;1060;impassable;0;0;Utility Tag Adjacencies
958;1060;impassable;0;0;Utility Tag Adjacencies
959;1060;impassable;0;0;Utility Tag Adjacencies
960;1060;impassable;0;0;Utility Tag Adjacencies
961;1060;impassable;0;0;Utility Tag Adjacencies
962;1060;impassable;0;0;Utility Tag Adjacencies
963;1060;impassable;0;0;Utility Tag Adjacencies
964;1060;impassable;0;0;Utility Tag Adjacencies
965;1060;impassable;0;0;Utility Tag Adjacencies
966;1060;impassable;0;0;Utility Tag Adjacencies
967;1060;impassable;0;0;Utility Tag Adjacencies
968;1060;impassable;0;0;Utility Tag Adjacencies
969;1060;impassable;0;0;Utility Tag Adjacencies
970;1060;impassable;0;0;Utility Tag Adjacencies
971;1060;impassable;0;0;Utility Tag Adjacencies
972;1060;impassable;0;0;Utility Tag Adjacencies
973;1060;impassable;0;0;Utility Tag Adjacencies
974;1060;impassable;0;0;Utility Tag Adjacencies
975;1060;impassable;0;0;Utility Tag Adjacencies
976;1060;impassable;0;0;Utility Tag Adjacencies
977;1060;impassable;0;0;Utility Tag Adjacencies
978;1060;impassable;0;0;Utility Tag Adjacencies
979;1060;impassable;0;0;Utility Tag Adjacencies
980;1060;impassable;0;0;Utility Tag Adjacencies
981;1060;impassable;0;0;Utility Tag Adjacencies
982;1060;impassable;0;0;Utility Tag Adjacencies
983;1060;impassable;0;0;Utility Tag Adjacencies
984;1060;impassable;0;0;Utility Tag Adjacencies
985;1060;impassable;0;0;Utility Tag Adjacencies
986;1060;impassable;0;0;Utility Tag Adjacencies
987;1060;impassable;0;0;Utility Tag Adjacencies
988;1060;impassable;0;0;Utility Tag Adjacencies
989;1060;impassable;0;0;Utility Tag Adjacencies
990;1060;impassable;0;0;Utility Tag Adjacencies
991;1060;impassable;0;0;Utility Tag Adjacencies
992;1060;impassable;0;0;Utility Tag Adjacencies
993;1060;impassable;0;0;Utility Tag Adjacencies
994;1060;impassable;0;0;Utility Tag Adjacencies
995;1060;impassable;0;0;Utility Tag Adjacencies
996;1060;impassable;0;0;Utility Tag Adjacencies
997;1060;impassable;0;0;Utility Tag Adjacencies
998;1060;impassable;0;0;Utility Tag Adjacencies
999;1060;impassable;0;0;Utility Tag Adjacencies
1000;1060;impassable;0;0;Utility Tag Adjacencies
1001;1060;impassable;0;0;Utility Tag Adjacencies
1002;1060;impassable;0;0;Utility Tag Adjacencies
1003;1060;impassable;0;0;Utility Tag Adjacencies
1004;1060;impassable;0;0;Utility Tag Adjacencies
1005;1060;impassable;0;0;Utility Tag Adjacencies
1006;1060;impassable;0;0;Utility Tag Adjacencies
1007;1060;impassable;0;0;Utility Tag Adjacencies
1008;1060;impassable;0;0;Utility Tag Adjacencies
1009;1060;impassable;0;0;Utility Tag Adjacencies
1010;1060;impassable;0;0;Utility Tag Adjacencies
1011;1060;impassable;0;0;Utility Tag Adjacencies
1012;1060;impassable;0;0;Utility Tag Adjacencies
1013;1060;impassable;0;0;Utility Tag Adjacencies
1014;1060;impassable;0;0;Utility Tag Adjacencies
1015;1060;impassable;0;0;Utility Tag Adjacencies
1016;1060;impassable;0;0;Utility Tag Adjacencies
1017;1060;impassable;0;0;Utility Tag Adjacencies
1018;1060;impassable;0;0;Utility Tag Adjacencies
1019;1060;impassable;0;0;Utility Tag Adjacencies
1020;1060;impassable;0;0;Utility Tag Adjacencies
1021;1060;impassable;0;0;Utility Tag Adjacencies
1022;1060;impassable;0;0;Utility Tag Adjacencies
1023;1060;impassable;0;0;Utility Tag Adjacencies
1024;1060;impassable;0;0;Utility Tag Adjacencies
1025;1060;impassable;0;0;Utility Tag Adjacencies
1026;1060;impassable;0;0;Utility Tag Adjacencies
1027;1060;impassable;0;0;Utility Tag Adjacencies
1028;1060;impassable;0;0;Utility Tag Adjacencies
1029;1060;impassable;0;0;Utility Tag Adjacencies
1030;1060;impassable;0;0;Utility Tag Adjacencies
1031;1060;impassable;0;0;Utility Tag Adjacencies
1032;1060;impassable;0;0;Utility Tag Adjacencies
1033;1060;impassable;0;0;Utility Tag Adjacencies
1034;1060;impassable;0;0;Utility Tag Adjacencies
1035;1060;impassable;0;0;Utility Tag Adjacencies
1036;1060;impassable;0;0;Utility Tag Adjacencies
1037;1060;impassable;0;0;Utility Tag Adjacencies
1038;1060;impassable;0;0;Utility Tag Adjacencies
1039;1060;impassable;0;0;Utility Tag Adjacencies
1040;1060;impassable;0;0;Utility Tag Adjacencies
1041;1060;impassable;0;0;Utility Tag Adjacencies

# Canals
